1,3,",",U,s,e,r, ,2,1, ,-, ,L,e,a,r,n,e,r, ,1,8,",",8, ,-, ,b,',A,b,r,a,h,a,m, ,a,n,d, ,M,a,r,y, ,L,i,n,c,o,l,n,:, ,A, ,H,o,u,s,e, ,D,i,v,i,d,e,d,',",",3,",",N,o,n,e,",",2,0,1,7,-,0,9,-,1,8, ,1,8,:,4,0,:,5,8,.,1,6,3,0,2,4,+,0,0,:,0,0,",",N,o,n,e,",",N,o,n,e,","
1,4,",",U,s,e,r, ,2,1, ,-, ,L,e,a,r,n,e,r, ,1,8,",",3,1, ,-, ,b,',1,7, ,A,g,a,i,n,',",",3,",",N,o,n,e,",",2,0,1,7,-,0,9,-,1,8, ,1,8,:,4,0,:,5,8,.,2,6,6,8,8,3,+,0,0,:,0,0,",",N,o,n,e,",",N,o,n,e,","
1,5,",",U,s,e,r, ,2,1, ,-, ,L,e,a,r,n,e,r, ,1,8,",",3,9, ,-, ,b,',B,a,l,l,a,d, ,o,f, ,a, ,S,o,l,d,i,e,r,',",",5,",",N,o,n,e,",",2,0,1,7,-,0,9,-,1,8, ,1,8,:,4,0,:,5,8,.,4,3,9,4,1,1,+,0,0,:,0,0,",",N,o,n,e,",",N,o,n,e,","
1,6,",",U,s,e,r, ,2,1, ,-, ,L,e,a,r,n,e,r, ,1,8,",",6,8, ,-, ,b,',C,a,m,i,l,l,e,',",",3,",",N,o,n,e,",",2,0,1,7,-,0,9,-,1,8, ,1,8,:,4,0,:,5,8,.,5,6,0,7,5,1,+,0,0,:,0,0,",",N,o,n,e,",",N,o,n,e,","
1,7,",",U,s,e,r, ,2,1, ,-, ,L,e,a,r,n,e,r, ,1,8,",",1,1,2, ,-, ,b,',D,o,l,o,r,e,s, ,C,l,a,i,b,o,r,n,e, ,?, ,S,n,i,p,p,e,t, ,L,e,s,s,o,n, ,P,l,a,n, ,f,o,r, ,T,o,t,a,l, ,S,o,l,a,r, ,E,c,l,i,p,s,e,',",",3,",",N,o,n,e,",",2,0,1,7,-,0,9,-,1,8, ,1,8,:,4,0,:,5,8,.,6,6,3,9,1,4,+,0,0,:,0,0,",",N,o,n,e,",",N,o,n,e,","
1,8,",",U,s,e,r, ,2,1, ,-, ,L,e,a,r,n,e,r, ,1,8,",",1,3,8, ,-, ,b,',F,l,y, ,A,w,a,y, ,H,o,m,e,',",",3,",",N,o,n,e,",",2,0,1,7,-,0,9,-,1,8, ,1,8,:,4,0,:,5,8,.,7,7,6,4,1,1,+,0,0,:,0,0,",",N,o,n,e,",",N,o,n,e,","
1,9,",",U,s,e,r, ,2,1, ,-, ,L,e,a,r,n,e,r, ,1,8,",",1,4,4, ,-, ,b,',F,r,u,i,t,v,a,l,e, ,S,t,a,t,i,o,n,',",",3,",",N,o,n,e,",",2,0,1,7,-,0,9,-,1,8, ,1,8,:,4,0,:,5,8,.,9,0,5,5,9,4,+,0,0,:,0,0,",",N,o,n,e,",",N,o,n,e,","
2,0,",",U,s,e,r, ,2,1, ,-, ,L,e,a,r,n,e,r, ,1,8,",",1,6,8, ,-, ,b,',G,r,e,a,t, ,E,x,p,e,c,t,a,t,i,o,n,s,',",",3,",",N,o,n,e,",",2,0,1,7,-,0,9,-,1,8, ,1,8,:,4,0,:,5,9,.,0,1,0,6,3,9,+,0,0,:,0,0,",",N,o,n,e,",",N,o,n,e,","
2,1,",",U,s,e,r, ,2,1, ,-, ,L,e,a,r,n,e,r, ,1,8,",",1,7,1, ,-, ,b,',G,r,o,u,n,d,h,o,g, ,D,a,y,',",",3,",",N,o,n,e,",",2,0,1,7,-,0,9,-,1,8, ,1,8,:,4,0,:,5,9,.,1,1,0,7,0,9,+,0,0,:,0,0,",",N,o,n,e,",",N,o,n,e,","
2,2,",",U,s,e,r, ,2,1, ,-, ,L,e,a,r,n,e,r, ,1,8,",",1,7,5, ,-, ,b,"""",H,a,n,d,e,l,',s, ,L,a,s,t, ,C,h,a,n,c,e,"""",",",3,",",N,o,n,e,",",2,0,1,7,-,0,9,-,1,8, ,1,8,:,4,0,:,5,9,.,2,0,5,3,2,3,+,0,0,:,0,0,",",N,o,n,e,",",N,o,n,e,","
2,3,",",U,s,e,r, ,2,1, ,-, ,L,e,a,r,n,e,r, ,1,8,",",1,8,3, ,-, ,b,',H,i,r,o,s,h,i,m,a, ,M,a,i,d,e,n,',",",3,",",N,o,n,e,",",2,0,1,7,-,0,9,-,1,8, ,1,8,:,4,0,:,5,9,.,3,0,6,6,5,0,+,0,0,:,0,0,",",N,o,n,e,",",N,o,n,e,","
2,4,",",U,s,e,r, ,2,1, ,-, ,L,e,a,r,n,e,r, ,1,8,",",1,9,1, ,-, ,b,',T,h,e, ,I,m,p,o,r,t,a,n,c,e, ,o,f, ,B,e,i,n,g, ,E,a,r,n,e,s,t,',",",3,",",N,o,n,e,",",2,0,1,7,-,0,9,-,1,8, ,1,8,:,4,0,:,5,9,.,4,3,3,5,2,7,+,0,0,:,0,0,",",N,o,n,e,",",N,o,n,e,","
2,5,",",U,s,e,r, ,2,1, ,-, ,L,e,a,r,n,e,r, ,1,8,",",1,9,2, ,-, ,b,',I,n,h,e,r,i,t, ,t,h,e, ,W,i,n,d,',",",3,",",N,o,n,e,",",2,0,1,7,-,0,9,-,1,8, ,1,8,:,4,0,:,5,9,.,5,7,6,8,6,3,+,0,0,:,0,0,",",N,o,n,e,",",N,o,n,e,","
2,6,",",U,s,e,r, ,2,1, ,-, ,L,e,a,r,n,e,r, ,1,8,",",2,4,4, ,-, ,b,',M,i,d,w,a,y,',",",3,",",N,o,n,e,",",2,0,1,7,-,0,9,-,1,8, ,1,8,:,4,0,:,5,9,.,6,6,4,1,7,8,+,0,0,:,0,0,",",N,o,n,e,",",N,o,n,e,","
2,7,",",U,s,e,r, ,2,1, ,-, ,L,e,a,r,n,e,r, ,1,8,",",2,6,4, ,-, ,b,',S,u,r,f,a,c,e, ,T,e,n,s,i,o,n, ,a,n,d, ,M,o,l,e,c,u,l,a,r, ,B,o,n,d,s,',",",3,",",N,o,n,e,",",2,0,1,7,-,0,9,-,1,8, ,1,8,:,4,0,:,5,9,.,7,5,9,0,6,9,+,0,0,:,0,0,",",N,o,n,e,",",N,o,n,e,","
2,8,",",U,s,e,r, ,2,1, ,-, ,L,e,a,r,n,e,r, ,1,8,",",2,9,8, ,-, ,b,',P,r,i,n,c,e,s,s, ,M,o,n,o,n,o,k,e,',",",3,",",N,o,n,e,",",2,0,1,7,-,0,9,-,1,8, ,1,8,:,4,0,:,5,9,.,8,5,7,8,1,4,+,0,0,:,0,0,",",N,o,n,e,",",N,o,n,e,","
2,9,",",U,s,e,r, ,2,1, ,-, ,L,e,a,r,n,e,r, ,1,8,",",3,1,9, ,-, ,b,',R,o,o,t,s, ,V,o,l,., ,I,I,I,',",",3,",",N,o,n,e,",",2,0,1,7,-,0,9,-,1,8, ,1,8,:,4,0,:,5,9,.,9,4,3,4,1,3,+,0,0,:,0,0,",",N,o,n,e,",",N,o,n,e,","
3,0,",",U,s,e,r, ,2,1, ,-, ,L,e,a,r,n,e,r, ,1,8,",",3,7,8, ,-, ,b,',T,h,e, ,T,u,r,n,i,n,g, ,P,o,i,n,t,',",",3,",",N,o,n,e,",",2,0,1,7,-,0,9,-,1,8, ,1,8,:,4,1,:,0,0,.,0,4,5,7,6,2,+,0,0,:,0,0,",",N,o,n,e,",",N,o,n,e,","
3,1,",",U,s,e,r, ,2,1, ,-, ,L,e,a,r,n,e,r, ,1,8,",",3,8,1, ,-, ,b,"""",T,w,e,l,v,e, ,O,',C,l,o,c,k, ,H,i,g,h,"""",",",3,",",N,o,n,e,",",2,0,1,7,-,0,9,-,1,8, ,1,8,:,4,1,:,0,0,.,1,3,8,9,8,0,+,0,0,:,0,0,",",N,o,n,e,",",N,o,n,e,","
3,2,",",U,s,e,r, ,2,1, ,-, ,L,e,a,r,n,e,r, ,1,8,",",3,8,2, ,-, ,b,',F,o,r,e,s,h,a,d,o,w,i,n,g, ,a,n,d, ,C,h,a,r,a,c,t,e,r,i,z,a,t,i,o,n, ,U,s,i,n,g, ,A, ,C,l,i,p, ,f,r,o,m, ,T,h,e,l,m,a, ,a,n,d, ,L,o,u,i,s,e,',",",3,",",N,o,n,e,",",2,0,1,7,-,0,9,-,1,8, ,1,8,:,4,1,:,0,0,.,2,3,2,0,2,5,+,0,0,:,0,0,",",N,o,n,e,",",N,o,n,e,","
2,4,4,9,",",U,s,e,r, ,2,1, ,-, ,L,e,a,r,n,e,r, ,1,8,",",3, ,-, ,b,',1,2, ,A,n,g,r,y, ,M,e,n,',",",N,o,n,e,",",6,.,4,2,8,1,8,6,",",2,0,1,7,-,0,9,-,2,2, ,2,0,:,3,8,:,5,5,.,2,2,9,2,6,7,+,0,0,:,0,0,",",N,o,n,e,",",N,o,n,e,","
2,4,5,0,",",U,s,e,r, ,2,1, ,-, ,L,e,a,r,n,e,r, ,1,8,",",4, ,-, ,b,',1,2, ,Y,e,a,r,s, ,a, ,S,l,a,v,e,',",",N,o,n,e,",",1,1,.,3,9,8,6,7,7,",",2,0,1,7,-,0,9,-,2,2, ,2,0,:,3,8,:,5,5,.,3,4,9,4,7,1,+,0,0,:,0,0,",",N,o,n,e,",",N,o,n,e,","
2,4,5,1,",",U,s,e,r, ,2,1, ,-, ,L,e,a,r,n,e,r, ,1,8,",",5, ,-, ,b,',1,2,7, ,H,o,u,r,s,',",",N,o,n,e,",",7,.,3,3,1,6,4,2,",",2,0,1,7,-,0,9,-,2,2, ,2,0,:,3,8,:,5,5,.,4,2,7,8,2,0,+,0,0,:,0,0,",",N,o,n,e,",",N,o,n,e,","
2,4,5,2,",",U,s,e,r, ,2,1, ,-, ,L,e,a,r,n,e,r, ,1,8,",",6, ,-, ,b,',1,7,7,6,',",",N,o,n,e,",",9,.,0,1,0,7,7,0,",",2,0,1,7,-,0,9,-,2,2, ,2,0,:,3,8,:,5,5,.,5,5,3,1,9,8,+,0,0,:,0,0,",",N,o,n,e,",",N,o,n,e,","
2,4,5,3,",",U,s,e,r, ,2,1, ,-, ,L,e,a,r,n,e,r, ,1,8,",",7, ,-, ,b,',2,0,",",0,0,0, ,L,e,a,g,u,e,s, ,U,n,d,e,r, ,t,h,e, ,S,e,a,',",",N,o,n,e,",",9,.,3,7,3,7,9,9,",",2,0,1,7,-,0,9,-,2,2, ,2,0,:,3,8,:,5,5,.,6,3,7,9,9,6,+,0,0,:,0,0,",",N,o,n,e,",",N,o,n,e,","
2,4,5,4,",",U,s,e,r, ,2,1, ,-, ,L,e,a,r,n,e,r, ,1,8,",",9, ,-, ,b,',T,h,e, ,A,d,v,e,n,t,u,r,e,s, ,o,f, ,H,u,c,k, ,F,i,n,n,',",",N,o,n,e,",",3,.,2,6,0,0,8,0,",",2,0,1,7,-,0,9,-,2,2, ,2,0,:,3,8,:,5,5,.,7,2,8,2,6,0,+,0,0,:,0,0,",",N,o,n,e,",",N,o,n,e,","
2,4,5,5,",",U,s,e,r, ,2,1, ,-, ,L,e,a,r,n,e,r, ,1,8,",",1,0, ,-, ,b,',T,h,e, ,A,d,v,e,n,t,u,r,e,s, ,o,f, ,R,o,b,i,n, ,H,o,o,d,',",",N,o,n,e,",",1,0,.,3,8,5,3,7,3,",",2,0,1,7,-,0,9,-,2,2, ,2,0,:,3,8,:,5,5,.,8,0,8,6,3,2,+,0,0,:,0,0,",",N,o,n,e,",",N,o,n,e,","
2,4,5,6,",",U,s,e,r, ,2,1, ,-, ,L,e,a,r,n,e,r, ,1,8,",",1,1, ,-, ,b,',T,h,e, ,A,f,r,i,c,a,n, ,Q,u,e,e,n,',",",N,o,n,e,",",5,.,5,0,7,9,8,1,",",2,0,1,7,-,0,9,-,2,2, ,2,0,:,3,8,:,5,5,.,8,8,2,2,6,3,+,0,0,:,0,0,",",N,o,n,e,",",N,o,n,e,","
2,4,5,7,",",U,s,e,r, ,2,1, ,-, ,L,e,a,r,n,e,r, ,1,8,",",1,2, ,-, ,b,',A,n,c,i,e,n,t, ,A,l,e,x,a,n,d,r,i,a,",", ,H,y,p,a,t,i,a,",", ,a,n,d, ,t,h,e, ,D,e,c,l,i,n,e, ,o,f, ,G,r,e,c,o,-,R,o,m,a,n, ,C,i,v,i,l,i,z,a,t,i,o,n, ,\,x,e,2,\,x,8,0,\,x,9,4, ,u,s,i,n,g, ,t,h,e, ,F,i,l,m, ,A,g,o,r,a,',",",N,o,n,e,",",2,.,5,4,8,8,5,2,",",2,0,1,7,-,0,9,-,2,2, ,2,0,:,3,8,:,5,6,.,0,0,0,4,9,4,+,0,0,:,0,0,",",N,o,n,e,",",N,o,n,e,","
2,4,5,8,",",U,s,e,r, ,2,1, ,-, ,L,e,a,r,n,e,r, ,1,8,",",1,3, ,-, ,b,"""",A,l,l, ,T,h,e, ,K,i,n,g,',s, ,M,e,n,"""",",",N,o,n,e,",",9,.,3,8,2,5,3,1,",",2,0,1,7,-,0,9,-,2,2, ,2,0,:,3,8,:,5,6,.,0,7,7,4,3,3,+,0,0,:,0,0,",",N,o,n,e,",",N,o,n,e,","
2,4,5,9,",",U,s,e,r, ,2,1, ,-, ,L,e,a,r,n,e,r, ,1,8,",",1,4, ,-, ,b,',A,l,l, ,M,y, ,S,o,n,s,',",",N,o,n,e,",",8,.,7,3,4,0,3,2,",",2,0,1,7,-,0,9,-,2,2, ,2,0,:,3,8,:,5,6,.,1,5,0,8,5,5,+,0,0,:,0,0,",",N,o,n,e,",",N,o,n,e,","
2,4,6,0,",",U,s,e,r, ,2,1, ,-, ,L,e,a,r,n,e,r, ,1,8,",",1,5, ,-, ,b,"""",A,l,l, ,t,h,e, ,P,r,e,s,i,d,e,n,t,',s, ,M,e,n,"""",",",N,o,n,e,",",8,.,3,9,4,8,7,5,",",2,0,1,7,-,0,9,-,2,2, ,2,0,:,3,8,:,5,6,.,2,2,5,6,1,7,+,0,0,:,0,0,",",N,o,n,e,",",N,o,n,e,","
2,4,6,1,",",U,s,e,r, ,2,1, ,-, ,L,e,a,r,n,e,r, ,1,8,",",1,6, ,-, ,b,',A,l,l, ,Q,u,i,e,t, ,o,n, ,t,h,e, ,W,e,s,t,e,r,n, ,F,r,o,n,t,',",",N,o,n,e,",",8,.,6,2,4,9,2,7,",",2,0,1,7,-,0,9,-,2,2, ,2,0,:,3,8,:,5,6,.,3,2,2,1,2,2,+,0,0,:,0,0,",",N,o,n,e,",",N,o,n,e,","
2,4,6,2,",",U,s,e,r, ,2,1, ,-, ,L,e,a,r,n,e,r, ,1,8,",",1,7, ,-, ,b,',A,m,a,d,e,u,s,',",",N,o,n,e,",",9,.,7,4,6,7,4,4,",",2,0,1,7,-,0,9,-,2,2, ,2,0,:,3,8,:,5,6,.,3,9,5,0,0,1,+,0,0,:,0,0,",",N,o,n,e,",",N,o,n,e,","
2,4,6,3,",",U,s,e,r, ,2,1, ,-, ,L,e,a,r,n,e,r, ,1,8,",",1,8, ,-, ,b,',A,n, ,A,m,e,r,i,c,a,n, ,T,a,i,l,',",",N,o,n,e,",",9,.,4,9,1,9,3,1,",",2,0,1,7,-,0,9,-,2,2, ,2,0,:,3,8,:,5,6,.,5,1,3,8,3,8,+,0,0,:,0,0,",",N,o,n,e,",",N,o,n,e,","
2,4,6,4,",",U,s,e,r, ,2,1, ,-, ,L,e,a,r,n,e,r, ,1,8,",",1,9, ,-, ,b,',A,m,i,s,t,a,d,',",",N,o,n,e,",",7,.,2,1,9,8,9,3,",",2,0,1,7,-,0,9,-,2,2, ,2,0,:,3,8,:,5,6,.,5,8,6,7,3,2,+,0,0,:,0,0,",",N,o,n,e,",",N,o,n,e,","
2,4,6,5,",",U,s,e,r, ,2,1, ,-, ,L,e,a,r,n,e,r, ,1,8,",",2,0, ,-, ,b,',A,n,g,e,l,s, ,i,n, ,t,h,e, ,O,u,t,f,i,e,l,d,',",",N,o,n,e,",",4,.,7,8,7,0,7,0,",",2,0,1,7,-,0,9,-,2,2, ,2,0,:,3,8,:,5,6,.,6,6,0,7,7,4,+,0,0,:,0,0,",",N,o,n,e,",",N,o,n,e,","
2,4,6,6,",",U,s,e,r, ,2,1, ,-, ,L,e,a,r,n,e,r, ,1,8,",",2,1, ,-, ,b,',A,n,i,m,a,l, ,F,a,r,m,',",",N,o,n,e,",",-,1,.,8,7,9,2,7,1,",",2,0,1,7,-,0,9,-,2,2, ,2,0,:,3,8,:,5,6,.,7,3,3,6,3,8,+,0,0,:,0,0,",",N,o,n,e,",",N,o,n,e,","
2,4,6,7,",",U,s,e,r, ,2,1, ,-, ,L,e,a,r,n,e,r, ,1,8,",",2,2, ,-, ,b,',A,n,n,e, ,B,., ,R,e,a,l,',",",N,o,n,e,",",8,.,3,6,6,9,1,3,",",2,0,1,7,-,0,9,-,2,2, ,2,0,:,3,8,:,5,6,.,8,1,2,6,8,5,+,0,0,:,0,0,",",N,o,n,e,",",N,o,n,e,","
2,4,6,8,",",U,s,e,r, ,2,1, ,-, ,L,e,a,r,n,e,r, ,1,8,",",2,3, ,-, ,b,',A,n,n,e, ,F,r,a,n,k,',",",N,o,n,e,",",7,.,1,5,6,2,1,0,",",2,0,1,7,-,0,9,-,2,2, ,2,0,:,3,8,:,5,6,.,9,3,5,8,7,3,+,0,0,:,0,0,",",N,o,n,e,",",N,o,n,e,","
2,4,6,9,",",U,s,e,r, ,2,1, ,-, ,L,e,a,r,n,e,r, ,1,8,",",2,4, ,-, ,b,',A,n,n,e, ,o,f, ,G,r,e,e,n, ,G,a,b,l,e,s,',",",N,o,n,e,",",2,.,1,0,7,8,7,5,",",2,0,1,7,-,0,9,-,2,2, ,2,0,:,3,8,:,5,7,.,0,2,0,2,2,8,+,0,0,:,0,0,",",N,o,n,e,",",N,o,n,e,","
2,4,7,0,",",U,s,e,r, ,2,1, ,-, ,L,e,a,r,n,e,r, ,1,8,",",2,5, ,-, ,b,',"""",A,n,t,z,"""", ,a,n,d, ,"""",A, ,B,u,g,\,',s, ,L,i,f,e,"""",',",",N,o,n,e,",",9,.,3,5,3,6,9,4,",",2,0,1,7,-,0,9,-,2,2, ,2,0,:,3,8,:,5,7,.,0,9,2,3,9,6,+,0,0,:,0,0,",",N,o,n,e,",",N,o,n,e,","
2,4,7,1,",",U,s,e,r, ,2,1, ,-, ,L,e,a,r,n,e,r, ,1,8,",",2,6, ,-, ,b,',A,p,o,l,l,o, ,1,3,',",",N,o,n,e,",",1,.,2,2,3,0,1,2,",",2,0,1,7,-,0,9,-,2,2, ,2,0,:,3,8,:,5,7,.,1,7,3,1,4,6,+,0,0,:,0,0,",",N,o,n,e,",",N,o,n,e,","
2,4,7,2,",",U,s,e,r, ,2,1, ,-, ,L,e,a,r,n,e,r, ,1,8,",",2,7, ,-, ,b,',A,r,g,o,',",",N,o,n,e,",",3,.,1,8,2,4,3,4,",",2,0,1,7,-,0,9,-,2,2, ,2,0,:,3,8,:,5,7,.,2,7,5,0,9,5,+,0,0,:,0,0,",",N,o,n,e,",",N,o,n,e,","
2,4,7,3,",",U,s,e,r, ,2,1, ,-, ,L,e,a,r,n,e,r, ,1,8,",",2,8, ,-, ,b,',A,r,o,u,n,d, ,t,h,e, ,W,o,r,l,d, ,i,n, ,8,0, ,D,a,y,s,',",",N,o,n,e,",",4,.,3,7,1,8,7,5,",",2,0,1,7,-,0,9,-,2,2, ,2,0,:,3,8,:,5,7,.,3,9,2,6,6,8,+,0,0,:,0,0,",",N,o,n,e,",",N,o,n,e,","
2,4,7,4,",",U,s,e,r, ,2,1, ,-, ,L,e,a,r,n,e,r, ,1,8,",",2,9, ,-, ,b,',A,u, ,R,e,v,o,i,r, ,L,e,s, ,E,n,f,a,n,t,s,',",",N,o,n,e,",",6,.,8,1,1,5,8,7,",",2,0,1,7,-,0,9,-,2,2, ,2,0,:,3,8,:,5,7,.,4,7,2,7,0,5,+,0,0,:,0,0,",",N,o,n,e,",",N,o,n,e,","
2,4,7,5,",",U,s,e,r, ,2,1, ,-, ,L,e,a,r,n,e,r, ,1,8,",",3,0, ,-, ,b,',T,h,e, ,A,u,t,o,b,i,o,g,r,a,p,h,y, ,o,f, ,M,i,s,s, ,J,a,n,e, ,P,i,t,t,m,a,n,',",",N,o,n,e,",",1,3,.,1,6,4,2,6,1,",",2,0,1,7,-,0,9,-,2,2, ,2,0,:,3,8,:,5,7,.,5,4,3,6,1,1,+,0,0,:,0,0,",",N,o,n,e,",",N,o,n,e,","
2,4,7,6,",",U,s,e,r, ,2,1, ,-, ,L,e,a,r,n,e,r, ,1,8,",",3,2, ,-, ,b,"""",I,n,e,r,t,i,a,l, ,F,o,r,c,e,s, ,(,N,e,w,t,o,n,',s, ,F,i,r,s,t, ,L,a,w, ,o,f, ,M,o,t,i,o,n,",", ,t,h,e, ,C,e,n,t,r,i,f,u,g,a,l, ,F,o,r,c,e, ,&, ,A,r,t,i,f,i,c,i,a,l, ,G,r,a,v,i,t,y,), ,U,s,i,n,g, ,C,l,i,p,s, ,f,r,o,m, ,2,0,0,1,:, ,A, ,S,p,a,c,e, ,O,d,y,s,s,e,y,"""",",",N,o,n,e,",",1,6,.,4,7,2,8,7,0,",",2,0,1,7,-,0,9,-,2,2, ,2,0,:,3,8,:,5,7,.,6,7,8,2,0,5,+,0,0,:,0,0,",",N,o,n,e,",",N,o,n,e,","
2,4,7,7,",",U,s,e,r, ,2,1, ,-, ,L,e,a,r,n,e,r, ,1,8,",",3,3, ,-, ,b,',H,i,s,t,o,r,i,c,a,l, ,E,v,o,l,u,t,i,o,n, ,o,f, ,V,i,e,w,s, ,A,b,o,u,t, ,t,h,e, ,S,o,l,a,r, ,S,y,s,t,e,m, ,a,n,d, ,t,h,e, ,R,e,t,r,o,g,r,a,d,e, ,M,o,t,i,o,n, ,o,f, ,M,a,r,s,',",",N,o,n,e,",",3,.,8,8,1,5,4,9,",",2,0,1,7,-,0,9,-,2,2, ,2,0,:,3,8,:,5,7,.,8,2,6,8,0,2,+,0,0,:,0,0,",",N,o,n,e,",",N,o,n,e,","
2,4,7,8,",",U,s,e,r, ,2,1, ,-, ,L,e,a,r,n,e,r, ,1,8,",",3,4, ,-, ,b,',A,m,e,r,i,c,a,n, ,V,i,o,l,e,t,',",",N,o,n,e,",",9,.,2,1,9,5,1,3,",",2,0,1,7,-,0,9,-,2,2, ,2,0,:,3,8,:,5,8,.,0,0,4,4,5,9,+,0,0,:,0,0,",",N,o,n,e,",",N,o,n,e,","
2,4,7,9,",",U,s,e,r, ,2,1, ,-, ,L,e,a,r,n,e,r, ,1,8,",",3,5, ,-, ,b,',E,l,e,c,t,r,o,m,a,g,n,e,t,i,c, ,W,a,v,e,s,",", ,I,n,d,u,c,t,i,o,n,",", ,C,a,p,a,c,i,t,a,n,c,e, ,a,n,d, ,A,n,t,e,n,n,a,e,',",",N,o,n,e,",",1,3,.,2,5,1,2,0,7,",",2,0,1,7,-,0,9,-,2,2, ,2,0,:,3,8,:,5,8,.,1,4,4,0,1,2,+,0,0,:,0,0,",",N,o,n,e,",",N,o,n,e,","
2,4,8,0,",",U,s,e,r, ,2,1, ,-, ,L,e,a,r,n,e,r, ,1,8,",",3,6, ,-, ,b,',A,n,t,i,m,a,t,t,e,r,',",",N,o,n,e,",",7,.,8,8,4,8,9,0,",",2,0,1,7,-,0,9,-,2,2, ,2,0,:,3,8,:,5,8,.,2,7,0,0,8,6,+,0,0,:,0,0,",",N,o,n,e,",",N,o,n,e,","
2,4,8,1,",",U,s,e,r, ,2,1, ,-, ,L,e,a,r,n,e,r, ,1,8,",",3,7, ,-, ,b,',B,a,b,i,e,s,',",",N,o,n,e,",",7,.,4,6,0,7,9,8,",",2,0,1,7,-,0,9,-,2,2, ,2,0,:,3,8,:,5,8,.,4,9,0,0,2,5,+,0,0,:,0,0,",",N,o,n,e,",",N,o,n,e,","
2,4,8,2,",",U,s,e,r, ,2,1, ,-, ,L,e,a,r,n,e,r, ,1,8,",",3,8, ,-, ,b,"""",B,a,c,h,',s, ,F,i,g,h,t, ,f,o,r, ,F,r,e,e,d,o,m,"""",",",N,o,n,e,",",-,1,.,1,8,2,8,8,5,",",2,0,1,7,-,0,9,-,2,2, ,2,0,:,3,8,:,5,8,.,6,3,8,1,4,6,+,0,0,:,0,0,",",N,o,n,e,",",N,o,n,e,","
2,4,8,3,",",U,s,e,r, ,2,1, ,-, ,L,e,a,r,n,e,r, ,1,8,",",4,0, ,-, ,b,',B,a,r,b,a,r,y, ,C,o,a,s,t,',",",N,o,n,e,",",5,.,5,5,2,7,1,8,",",2,0,1,7,-,0,9,-,2,2, ,2,0,:,3,8,:,5,8,.,8,4,5,9,0,4,+,0,0,:,0,0,",",N,o,n,e,",",N,o,n,e,","
2,4,8,4,",",U,s,e,r, ,2,1, ,-, ,L,e,a,r,n,e,r, ,1,8,",",4,1, ,-, ,b,',B,a,s,e,b,a,l,l,:, ,I,n,n,i,n,g,s, ,1, ,-, ,9,',",",N,o,n,e,",",1,0,.,5,4,5,2,7,4,",",2,0,1,7,-,0,9,-,2,2, ,2,0,:,3,8,:,5,8,.,9,9,6,4,3,3,+,0,0,:,0,0,",",N,o,n,e,",",N,o,n,e,","
2,4,8,5,",",U,s,e,r, ,2,1, ,-, ,L,e,a,r,n,e,r, ,1,8,",",4,2, ,-, ,b,',B,e,a,u, ,G,e,s,t,e,',",",N,o,n,e,",",7,.,9,2,5,6,7,6,",",2,0,1,7,-,0,9,-,2,2, ,2,0,:,3,8,:,5,9,.,1,3,5,8,2,1,+,0,0,:,0,0,",",N,o,n,e,",",N,o,n,e,","
2,4,8,6,",",U,s,e,r, ,2,1, ,-, ,L,e,a,r,n,e,r, ,1,8,",",4,3, ,-, ,b,',B,e,a,u,t,i,f,u,l, ,D,r,e,a,m,e,r,s,',",",N,o,n,e,",",1,2,.,3,4,3,8,7,1,",",2,0,1,7,-,0,9,-,2,2, ,2,0,:,3,8,:,5,9,.,2,6,1,0,5,7,+,0,0,:,0,0,",",N,o,n,e,",",N,o,n,e,","
2,4,8,7,",",U,s,e,r, ,2,1, ,-, ,L,e,a,r,n,e,r, ,1,8,",",4,4, ,-, ,b,',B,e,e,t,h,o,v,e,n, ,L,i,v,e,s, ,U,p,s,t,a,i,r,s,',",",N,o,n,e,",",8,.,3,3,4,0,4,1,",",2,0,1,7,-,0,9,-,2,2, ,2,0,:,3,8,:,5,9,.,4,2,6,2,0,2,+,0,0,:,0,0,",",N,o,n,e,",",N,o,n,e,","
2,4,8,8,",",U,s,e,r, ,2,1, ,-, ,L,e,a,r,n,e,r, ,1,8,",",4,5, ,-, ,b,',B,e,h,i,n,d, ,t,h,e, ,S,u,n,',",",N,o,n,e,",",1,2,.,3,1,3,0,8,8,",",2,0,1,7,-,0,9,-,2,2, ,2,0,:,3,8,:,5,9,.,6,0,0,9,4,9,+,0,0,:,0,0,",",N,o,n,e,",",N,o,n,e,","
2,4,8,9,",",U,s,e,r, ,2,1, ,-, ,L,e,a,r,n,e,r, ,1,8,",",4,6, ,-, ,b,',B,e,n, ,a,n,d, ,M,e, ,-,-, ,S,h,o,r,t, ,S,u,b,j,e,c,t,',",",N,o,n,e,",",1,2,.,0,3,1,7,6,1,",",2,0,1,7,-,0,9,-,2,2, ,2,0,:,3,8,:,5,9,.,7,6,3,9,0,9,+,0,0,:,0,0,",",N,o,n,e,",",N,o,n,e,","
2,4,9,0,",",U,s,e,r, ,2,1, ,-, ,L,e,a,r,n,e,r, ,1,8,",",4,7, ,-, ,b,',B,e,n,d, ,I,t, ,L,i,k,e, ,B,e,c,k,h,a,m,',",",N,o,n,e,",",4,.,7,5,0,0,6,0,",",2,0,1,7,-,0,9,-,2,2, ,2,0,:,3,8,:,5,9,.,9,5,5,1,8,1,+,0,0,:,0,0,",",N,o,n,e,",",N,o,n,e,","
2,4,9,1,",",U,s,e,r, ,2,1, ,-, ,L,e,a,r,n,e,r, ,1,8,",",4,8, ,-, ,b,',A, ,B,e,t,t,e,r, ,L,i,f,e,',",",N,o,n,e,",",4,.,5,6,5,2,7,8,",",2,0,1,7,-,0,9,-,2,2, ,2,0,:,3,9,:,0,0,.,1,0,5,8,9,6,+,0,0,:,0,0,",",N,o,n,e,",",N,o,n,e,","
2,4,9,2,",",U,s,e,r, ,2,1, ,-, ,L,e,a,r,n,e,r, ,1,8,",",4,9, ,-, ,b,',B,e,y,o,n,d, ,R,a,n,g,o,o,n,',",",N,o,n,e,",",6,.,5,4,5,6,3,1,",",2,0,1,7,-,0,9,-,2,2, ,2,0,:,3,9,:,0,0,.,2,5,0,9,4,7,+,0,0,:,0,0,",",N,o,n,e,",",N,o,n,e,","
2,4,9,3,",",U,s,e,r, ,2,1, ,-, ,L,e,a,r,n,e,r, ,1,8,",",5,0, ,-, ,b,"""",B,i,g, ,?, ,H,e,r,o,',s, ,J,o,u,r,n,e,y, ,L,e,s,s,o,n, ,P,l,a,n,"""",",",N,o,n,e,",",4,.,1,6,0,3,3,8,",",2,0,1,7,-,0,9,-,2,2, ,2,0,:,3,9,:,0,0,.,4,0,2,7,5,9,+,0,0,:,0,0,",",N,o,n,e,",",N,o,n,e,","
2,4,9,4,",",U,s,e,r, ,2,1, ,-, ,L,e,a,r,n,e,r, ,1,8,",",5,1, ,-, ,b,',B,i,l,l,y, ,B,u,d,d,',",",N,o,n,e,",",6,.,5,8,2,6,7,6,",",2,0,1,7,-,0,9,-,2,2, ,2,0,:,3,9,:,0,0,.,5,2,2,0,6,9,+,0,0,:,0,0,",",N,o,n,e,",",N,o,n,e,","
2,4,9,5,",",U,s,e,r, ,2,1, ,-, ,L,e,a,r,n,e,r, ,1,8,",",5,2, ,-, ,b,',B,i,l,l,y, ,E,l,l,i,o,t,',",",N,o,n,e,",",7,.,9,0,3,5,7,7,",",2,0,1,7,-,0,9,-,2,2, ,2,0,:,3,9,:,0,0,.,7,2,4,5,7,2,+,0,0,:,0,0,",",N,o,n,e,",",N,o,n,e,","
2,4,9,6,",",U,s,e,r, ,2,1, ,-, ,L,e,a,r,n,e,r, ,1,8,",",5,3, ,-, ,b,',T,h,e, ,B,i,r,t,h, ,o,f, ,t,h,e, ,C,o,n,s,t,i,t,u,t,i,o,n,',",",N,o,n,e,",",-,0,.,9,3,5,9,4,3,",",2,0,1,7,-,0,9,-,2,2, ,2,0,:,3,9,:,0,0,.,8,6,1,9,7,3,+,0,0,:,0,0,",",N,o,n,e,",",N,o,n,e,","
2,4,9,7,",",U,s,e,r, ,2,1, ,-, ,L,e,a,r,n,e,r, ,1,8,",",5,4, ,-, ,b,"""",B,i,z,e,t,',s, ,D,r,e,a,m,"""",",",N,o,n,e,",",1,.,7,6,0,9,3,9,",",2,0,1,7,-,0,9,-,2,2, ,2,0,:,3,9,:,0,1,.,0,2,4,5,0,7,+,0,0,:,0,0,",",N,o,n,e,",",N,o,n,e,","
2,4,9,8,",",U,s,e,r, ,2,1, ,-, ,L,e,a,r,n,e,r, ,1,8,",",5,5, ,-, ,b,',B,l,a,c,k,f,i,s,h,',",",N,o,n,e,",",1,0,.,9,6,2,8,4,6,",",2,0,1,7,-,0,9,-,2,2, ,2,0,:,3,9,:,0,1,.,1,5,1,3,0,9,+,0,0,:,0,0,",",N,o,n,e,",",N,o,n,e,","
2,4,9,9,",",U,s,e,r, ,2,1, ,-, ,L,e,a,r,n,e,r, ,1,8,",",5,6, ,-, ,b,',T,h,e, ,B,l,a,c,k, ,S,t,a,l,l,i,o,n,',",",N,o,n,e,",",4,.,0,8,8,9,6,3,",",2,0,1,7,-,0,9,-,2,2, ,2,0,:,3,9,:,0,1,.,2,8,5,4,1,8,+,0,0,:,0,0,",",N,o,n,e,",",N,o,n,e,","
2,5,0,0,",",U,s,e,r, ,2,1, ,-, ,L,e,a,r,n,e,r, ,1,8,",",5,7, ,-, ,b,',T,h,e, ,B,o,l,e,r,o,',",",N,o,n,e,",",1,1,.,6,1,2,7,7,2,",",2,0,1,7,-,0,9,-,2,2, ,2,0,:,3,9,:,0,1,.,4,3,9,5,7,5,+,0,0,:,0,0,",",N,o,n,e,",",N,o,n,e,","
2,5,0,1,",",U,s,e,r, ,2,1, ,-, ,L,e,a,r,n,e,r, ,1,8,",",5,8, ,-, ,b,',T,h,e, ,B,o,o,k, ,T,h,i,e,f,',",",N,o,n,e,",",3,.,4,3,7,3,0,2,",",2,0,1,7,-,0,9,-,2,2, ,2,0,:,3,9,:,0,1,.,5,9,3,0,8,6,+,0,0,:,0,0,",",N,o,n,e,",",N,o,n,e,","
2,5,0,2,",",U,s,e,r, ,2,1, ,-, ,L,e,a,r,n,e,r, ,1,8,",",5,9, ,-, ,b,',B,o,r,n, ,F,r,e,e,',",",N,o,n,e,",",4,.,5,5,6,4,8,3,",",2,0,1,7,-,0,9,-,2,2, ,2,0,:,3,9,:,0,1,.,8,1,9,4,1,9,+,0,0,:,0,0,",",N,o,n,e,",",N,o,n,e,","
2,5,0,3,",",U,s,e,r, ,2,1, ,-, ,L,e,a,r,n,e,r, ,1,8,",",6,0, ,-, ,b,',T,h,e, ,B,o,y, ,i,n, ,t,h,e, ,S,t,r,i,p,e,d, ,P,a,j,a,m,a,s,',",",N,o,n,e,",",8,.,0,5,2,6,6,2,",",2,0,1,7,-,0,9,-,2,2, ,2,0,:,3,9,:,0,1,.,9,6,7,3,3,3,+,0,0,:,0,0,",",N,o,n,e,",",N,o,n,e,","
2,5,0,4,",",U,s,e,r, ,2,1, ,-, ,L,e,a,r,n,e,r, ,1,8,",",6,1, ,-, ,b,',B,o,y,s,t,o,w,n,',",",N,o,n,e,",",1,2,.,5,3,6,9,9,7,",",2,0,1,7,-,0,9,-,2,2, ,2,0,:,3,9,:,0,2,.,1,2,9,6,6,2,+,0,0,:,0,0,",",N,o,n,e,",",N,o,n,e,","
2,5,0,5,",",U,s,e,r, ,2,1, ,-, ,L,e,a,r,n,e,r, ,1,8,",",6,2, ,-, ,b,',B,r,i,d,g,e, ,t,o, ,T,e,r,a,b,i,t,h,i,a,',",",N,o,n,e,",",0,.,7,5,1,4,2,9,",",2,0,1,7,-,0,9,-,2,2, ,2,0,:,3,9,:,0,2,.,2,7,7,8,1,4,+,0,0,:,0,0,",",N,o,n,e,",",N,o,n,e,","
2,5,0,6,",",U,s,e,r, ,2,1, ,-, ,L,e,a,r,n,e,r, ,1,8,",",6,3, ,-, ,b,',B,r,e,a,k,i,n,g, ,A,w,a,y,',",",N,o,n,e,",",1,2,.,3,9,8,3,8,2,",",2,0,1,7,-,0,9,-,2,2, ,2,0,:,3,9,:,0,2,.,4,1,3,7,0,6,+,0,0,:,0,0,",",N,o,n,e,",",N,o,n,e,","
2,5,0,7,",",U,s,e,r, ,2,1, ,-, ,L,e,a,r,n,e,r, ,1,8,",",6,4, ,-, ,b,"""",B,r,i,a,n,',s, ,S,o,n,g,"""",",",N,o,n,e,",",3,.,2,0,4,8,0,1,",",2,0,1,7,-,0,9,-,2,2, ,2,0,:,3,9,:,0,2,.,5,3,7,4,9,1,+,0,0,:,0,0,",",N,o,n,e,",",N,o,n,e,","
2,5,0,8,",",U,s,e,r, ,2,1, ,-, ,L,e,a,r,n,e,r, ,1,8,",",6,5, ,-, ,b,',T,h,e, ,B,u,d,d,y, ,H,o,l,l,y, ,S,t,o,r,y,',",",N,o,n,e,",",7,.,8,4,8,1,9,7,",",2,0,1,7,-,0,9,-,2,2, ,2,0,:,3,9,:,0,2,.,6,8,5,8,5,4,+,0,0,:,0,0,",",N,o,n,e,",",N,o,n,e,","
2,5,0,9,",",U,s,e,r, ,2,1, ,-, ,L,e,a,r,n,e,r, ,1,8,",",6,6, ,-, ,b,',T,h,e, ,B,u,i,l,d,i,n,g, ,o,f, ,t,h,e, ,T,r,a,n,s,c,o,n,t,i,n,e,n,t,a,l, ,R,a,i,l,r,o,a,d,',",",N,o,n,e,",",8,.,9,1,8,2,6,0,",",2,0,1,7,-,0,9,-,2,2, ,2,0,:,3,9,:,0,2,.,8,7,0,3,3,6,+,0,0,:,0,0,",",N,o,n,e,",",N,o,n,e,","
2,5,1,0,",",U,s,e,r, ,2,1, ,-, ,L,e,a,r,n,e,r, ,1,8,",",6,7, ,-, ,b,',B,l,a,c,k, ,H,o,l,e,s,',",",N,o,n,e,",",9,.,7,0,3,4,2,0,",",2,0,1,7,-,0,9,-,2,2, ,2,0,:,3,9,:,0,3,.,0,2,9,8,5,8,+,0,0,:,0,0,",",N,o,n,e,",",N,o,n,e,","
2,5,1,1,",",U,s,e,r, ,2,1, ,-, ,L,e,a,r,n,e,r, ,1,8,",",6,9, ,-, ,b,',C,a,p,t,a,i,n,s, ,C,o,u,r,a,g,e,o,u,s,',",",N,o,n,e,",",3,.,0,3,3,5,1,2,",",2,0,1,7,-,0,9,-,2,2, ,2,0,:,3,9,:,0,3,.,2,3,8,2,1,4,+,0,0,:,0,0,",",N,o,n,e,",",N,o,n,e,","
2,5,1,2,",",U,s,e,r, ,2,1, ,-, ,L,e,a,r,n,e,r, ,1,8,",",7,0, ,-, ,b,',C,a,r,m,e,n,',",",N,o,n,e,",",6,.,1,2,9,7,5,6,",",2,0,1,7,-,0,9,-,2,2, ,2,0,:,3,9,:,0,3,.,3,6,8,1,7,9,+,0,0,:,0,0,",",N,o,n,e,",",N,o,n,e,","
2,5,1,3,",",U,s,e,r, ,2,1, ,-, ,L,e,a,r,n,e,r, ,1,8,",",7,1, ,-, ,b,',C,a,s,a,b,l,a,n,c,a,',",",N,o,n,e,",",1,0,.,2,5,4,1,9,2,",",2,0,1,7,-,0,9,-,2,2, ,2,0,:,3,9,:,0,3,.,5,0,2,6,6,0,+,0,0,:,0,0,",",N,o,n,e,",",N,o,n,e,","
2,5,1,4,",",U,s,e,r, ,2,1, ,-, ,L,e,a,r,n,e,r, ,1,8,",",7,2, ,-, ,b,',M,a,r,y, ,C,a,s,s,a,t,t,:, ,A,m,e,r,i,c,a,n, ,I,m,p,r,e,s,s,i,o,n,i,s,t,',",",N,o,n,e,",",5,.,0,0,5,2,9,7,",",2,0,1,7,-,0,9,-,2,2, ,2,0,:,3,9,:,0,3,.,6,5,6,0,0,9,+,0,0,:,0,0,",",N,o,n,e,",",N,o,n,e,","
2,5,1,5,",",U,s,e,r, ,2,1, ,-, ,L,e,a,r,n,e,r, ,1,8,",",7,3, ,-, ,b,',C,a,s,t, ,A,w,a,y,',",",N,o,n,e,",",8,.,7,9,7,3,4,7,",",2,0,1,7,-,0,9,-,2,2, ,2,0,:,3,9,:,0,3,.,8,1,8,8,3,8,+,0,0,:,0,0,",",N,o,n,e,",",N,o,n,e,","
2,5,1,6,",",U,s,e,r, ,2,1, ,-, ,L,e,a,r,n,e,r, ,1,8,",",7,4, ,-, ,b,',C,h,a,r,i,o,t,s, ,o,f, ,F,i,r,e,',",",N,o,n,e,",",5,.,6,6,2,1,3,0,",",2,0,1,7,-,0,9,-,2,2, ,2,0,:,3,9,:,0,3,.,9,8,7,0,5,8,+,0,0,:,0,0,",",N,o,n,e,",",N,o,n,e,","
2,5,1,7,",",U,s,e,r, ,2,1, ,-, ,L,e,a,r,n,e,r, ,1,8,",",7,5, ,-, ,b,"""",C,h,a,r,l,o,t,t,e,',s, ,W,e,b,"""",",",N,o,n,e,",",4,.,8,1,8,5,1,4,",",2,0,1,7,-,0,9,-,2,2, ,2,0,:,3,9,:,0,4,.,0,7,1,6,0,2,+,0,0,:,0,0,",",N,o,n,e,",",N,o,n,e,","
2,5,1,8,",",U,s,e,r, ,2,1, ,-, ,L,e,a,r,n,e,r, ,1,8,",",7,6, ,-, ,b,',C,h,a,r,l,y,',",",N,o,n,e,",",1,1,.,9,1,1,2,2,8,",",2,0,1,7,-,0,9,-,2,2, ,2,0,:,3,9,:,0,4,.,1,6,2,1,7,1,+,0,0,:,0,0,",",N,o,n,e,",",N,o,n,e,","
2,5,1,9,",",U,s,e,r, ,2,1, ,-, ,L,e,a,r,n,e,r, ,1,8,",",7,7, ,-, ,b,',T,h,e, ,C,h,o,r,u,s, ,(,"""",L,e,s, ,C,h,o,r,i,s,t,e,s,"""",),',",",N,o,n,e,",",1,1,.,6,5,2,4,7,2,",",2,0,1,7,-,0,9,-,2,2, ,2,0,:,3,9,:,0,4,.,2,3,3,2,3,5,+,0,0,:,0,0,",",N,o,n,e,",",N,o,n,e,","
2,5,2,0,",",U,s,e,r, ,2,1, ,-, ,L,e,a,r,n,e,r, ,1,8,",",7,8, ,-, ,b,',T,h,e, ,C,h,o,s,e,n,',",",N,o,n,e,",",4,.,5,9,9,4,3,8,",",2,0,1,7,-,0,9,-,2,2, ,2,0,:,3,9,:,0,4,.,3,5,1,2,2,5,+,0,0,:,0,0,",",N,o,n,e,",",N,o,n,e,","
2,5,2,1,",",U,s,e,r, ,2,1, ,-, ,L,e,a,r,n,e,r, ,1,8,",",7,9, ,-, ,b,',A, ,C,h,r,i,s,t,m,a,s, ,C,a,r,o,l,',",",N,o,n,e,",",9,.,0,1,3,4,8,0,",",2,0,1,7,-,0,9,-,2,2, ,2,0,:,3,9,:,0,4,.,4,4,7,2,9,6,+,0,0,:,0,0,",",N,o,n,e,",",N,o,n,e,","
2,5,2,2,",",U,s,e,r, ,2,1, ,-, ,L,e,a,r,n,e,r, ,1,8,",",8,0, ,-, ,b,',C,i,t,i,z,e,n,f,o,u,r, ,\,x,e,2,\,x,8,0,\,x,9,4, ,P,a,r,t, ,o,f, ,a, ,u,n,i,t, ,o,n, ,N,a,t,i,o,n,a,l, ,S,e,c,u,r,i,t,y, ,W,h,i,s,t,l,e,b,l,o,w,e,r,s,',",",N,o,n,e,",",1,3,.,4,3,6,6,8,6,",",2,0,1,7,-,0,9,-,2,2, ,2,0,:,3,9,:,0,4,.,5,2,3,3,3,5,+,0,0,:,0,0,",",N,o,n,e,",",N,o,n,e,","
2,5,2,3,",",U,s,e,r, ,2,1, ,-, ,L,e,a,r,n,e,r, ,1,8,",",8,1, ,-, ,b,',T,h,e, ,C,i,v,i,l, ,W,a,r,',",",N,o,n,e,",",7,.,7,6,4,5,5,0,",",2,0,1,7,-,0,9,-,2,2, ,2,0,:,3,9,:,0,4,.,6,0,7,1,2,7,+,0,0,:,0,0,",",N,o,n,e,",",N,o,n,e,","
2,5,2,4,",",U,s,e,r, ,2,1, ,-, ,L,e,a,r,n,e,r, ,1,8,",",8,2, ,-, ,b,',T,h,e, ,C,o,l,o,r, ,P,u,r,p,l,e,',",",N,o,n,e,",",4,.,4,1,9,7,1,6,",",2,0,1,7,-,0,9,-,2,2, ,2,0,:,3,9,:,0,4,.,7,0,9,7,5,8,+,0,0,:,0,0,",",N,o,n,e,",",N,o,n,e,","
2,5,2,5,",",U,s,e,r, ,2,1, ,-, ,L,e,a,r,n,e,r, ,1,8,",",8,3, ,-, ,b,',C,o,n,c,u,s,s,i,o,n,',",",N,o,n,e,",",2,.,1,1,7,9,8,8,",",2,0,1,7,-,0,9,-,2,2, ,2,0,:,3,9,:,0,4,.,7,8,1,1,3,0,+,0,0,:,0,0,",",N,o,n,e,",",N,o,n,e,","
2,5,2,6,",",U,s,e,r, ,2,1, ,-, ,L,e,a,r,n,e,r, ,1,8,",",8,4, ,-, ,b,',C,o,n,q,u,e,s,t,',",",N,o,n,e,",",1,0,.,7,4,4,3,8,0,",",2,0,1,7,-,0,9,-,2,2, ,2,0,:,3,9,:,0,4,.,8,5,8,2,5,0,+,0,0,:,0,0,",",N,o,n,e,",",N,o,n,e,","
2,5,2,7,",",U,s,e,r, ,2,1, ,-, ,L,e,a,r,n,e,r, ,1,8,",",8,5, ,-, ,b,',C,o,n,r,a,c,k,',",",N,o,n,e,",",1,0,.,8,3,0,0,0,5,",",2,0,1,7,-,0,9,-,2,2, ,2,0,:,3,9,:,0,4,.,9,3,8,5,7,0,+,0,0,:,0,0,",",N,o,n,e,",",N,o,n,e,","
2,5,2,8,",",U,s,e,r, ,2,1, ,-, ,L,e,a,r,n,e,r, ,1,8,",",8,6, ,-, ,b,',C,o,n,t,a,c,t,',",",N,o,n,e,",",-,0,.,5,5,4,2,3,0,",",2,0,1,7,-,0,9,-,2,2, ,2,0,:,3,9,:,0,5,.,0,1,4,3,4,5,+,0,0,:,0,0,",",N,o,n,e,",",N,o,n,e,","
2,5,2,9,",",U,s,e,r, ,2,1, ,-, ,L,e,a,r,n,e,r, ,1,8,",",8,7, ,-, ,b,',C,o,n,t,a,g,i,o,n,',",",N,o,n,e,",",6,.,2,2,5,2,0,8,",",2,0,1,7,-,0,9,-,2,2, ,2,0,:,3,9,:,0,5,.,0,8,6,0,1,4,+,0,0,:,0,0,",",N,o,n,e,",",N,o,n,e,","
2,5,3,0,",",U,s,e,r, ,2,1, ,-, ,L,e,a,r,n,e,r, ,1,8,",",8,8, ,-, ,b,',C,o,o,l, ,R,u,n,n,i,n,g,s,',",",N,o,n,e,",",2,.,5,7,0,1,5,9,",",2,0,1,7,-,0,9,-,2,2, ,2,0,:,3,9,:,0,5,.,1,5,9,0,8,2,+,0,0,:,0,0,",",N,o,n,e,",",N,o,n,e,","
2,5,3,1,",",U,s,e,r, ,2,1, ,-, ,L,e,a,r,n,e,r, ,1,8,",",8,9, ,-, ,b,',C,o,p,p,e,l,i,a,',",",N,o,n,e,",",4,.,9,9,6,2,7,3,",",2,0,1,7,-,0,9,-,2,2, ,2,0,:,3,9,:,0,5,.,2,3,2,4,8,1,+,0,0,:,0,0,",",N,o,n,e,",",N,o,n,e,","
2,5,3,2,",",U,s,e,r, ,2,1, ,-, ,L,e,a,r,n,e,r, ,1,8,",",9,0, ,-, ,b,',C,o,u,r,a,g,e, ,U,n,d,e,r, ,F,i,r,e,',",",N,o,n,e,",",5,.,8,1,9,4,0,6,",",2,0,1,7,-,0,9,-,2,2, ,2,0,:,3,9,:,0,5,.,3,2,5,4,5,2,+,0,0,:,0,0,",",N,o,n,e,",",N,o,n,e,","
2,5,3,3,",",U,s,e,r, ,2,1, ,-, ,L,e,a,r,n,e,r, ,1,8,",",9,1, ,-, ,b,',T,h,e, ,C,o,v,e,',",",N,o,n,e,",",7,.,9,9,9,6,1,8,",",2,0,1,7,-,0,9,-,2,2, ,2,0,:,3,9,:,0,5,.,4,0,0,5,5,7,+,0,0,:,0,0,",",N,o,n,e,",",N,o,n,e,","
2,5,3,4,",",U,s,e,r, ,2,1, ,-, ,L,e,a,r,n,e,r, ,1,8,",",9,2, ,-, ,b,',C,o,w,s,p,i,r,a,c,y,',",",N,o,n,e,",",1,4,.,0,1,7,2,4,1,",",2,0,1,7,-,0,9,-,2,2, ,2,0,:,3,9,:,0,5,.,4,7,1,5,9,1,+,0,0,:,0,0,",",N,o,n,e,",",N,o,n,e,","
2,5,3,5,",",U,s,e,r, ,2,1, ,-, ,L,e,a,r,n,e,r, ,1,8,",",9,3, ,-, ,b,',C,r,o,s,s, ,C,r,e,e,k,',",",N,o,n,e,",",8,.,6,7,5,6,4,1,",",2,0,1,7,-,0,9,-,2,2, ,2,0,:,3,9,:,0,5,.,5,4,8,4,9,3,+,0,0,:,0,0,",",N,o,n,e,",",N,o,n,e,","
2,5,3,6,",",U,s,e,r, ,2,1, ,-, ,L,e,a,r,n,e,r, ,1,8,",",9,4, ,-, ,b,',C,r,a,s,h,',",",N,o,n,e,",",7,.,9,3,5,8,4,9,",",2,0,1,7,-,0,9,-,2,2, ,2,0,:,3,9,:,0,5,.,6,1,8,9,8,6,+,0,0,:,0,0,",",N,o,n,e,",",N,o,n,e,","
2,5,3,7,",",U,s,e,r, ,2,1, ,-, ,L,e,a,r,n,e,r, ,1,8,",",9,5, ,-, ,b,',T,h,e, ,C,r,o,s,s,i,n,g,',",",N,o,n,e,",",4,.,3,8,4,2,3,8,",",2,0,1,7,-,0,9,-,2,2, ,2,0,:,3,9,:,0,5,.,6,9,0,2,4,9,+,0,0,:,0,0,",",N,o,n,e,",",N,o,n,e,","
2,5,3,8,",",U,s,e,r, ,2,1, ,-, ,L,e,a,r,n,e,r, ,1,8,",",9,6, ,-, ,b,',T,h,e, ,C,r,u,c,i,b,l,e,',",",N,o,n,e,",",8,.,1,0,3,3,6,9,",",2,0,1,7,-,0,9,-,2,2, ,2,0,:,3,9,:,0,5,.,7,7,0,0,5,5,+,0,0,:,0,0,",",N,o,n,e,",",N,o,n,e,","
2,5,3,9,",",U,s,e,r, ,2,1, ,-, ,L,e,a,r,n,e,r, ,1,8,",",9,7, ,-, ,b,',C,r,y,",", ,t,h,e, ,B,e,l,o,v,e,d, ,C,o,u,n,t,r,y,',",",N,o,n,e,",",5,.,7,1,5,3,7,6,",",2,0,1,7,-,0,9,-,2,2, ,2,0,:,3,9,:,0,5,.,8,8,8,6,2,0,+,0,0,:,0,0,",",N,o,n,e,",",N,o,n,e,","
2,5,4,0,",",U,s,e,r, ,2,1, ,-, ,L,e,a,r,n,e,r, ,1,8,",",9,8, ,-, ,b,',C,y,r,a,n,o, ,d,e, ,B,e,r,g,e,r,a,c,',",",N,o,n,e,",",2,.,9,4,1,0,3,9,",",2,0,1,7,-,0,9,-,2,2, ,2,0,:,3,9,:,0,6,.,0,6,8,3,0,8,+,0,0,:,0,0,",",N,o,n,e,",",N,o,n,e,","
2,5,4,1,",",U,s,e,r, ,2,1, ,-, ,L,e,a,r,n,e,r, ,1,8,",",9,9, ,-, ,b,',E,x,p,o,n,e,n,t,s,",", ,S,c,i,e,n,t,i,f,i,c, ,N,o,t,a,t,i,o,n,",", ,a,n,d, ,N,u,m,e,r,a,l, ,S,y,s,t,e,m,s,',",",N,o,n,e,",",8,.,1,3,9,7,7,7,",",2,0,1,7,-,0,9,-,2,2, ,2,0,:,3,9,:,0,6,.,2,4,0,2,2,8,+,0,0,:,0,0,",",N,o,n,e,",",N,o,n,e,","
2,5,4,2,",",U,s,e,r, ,2,1, ,-, ,L,e,a,r,n,e,r, ,1,8,",",1,0,0, ,-, ,b,',I,n,t,e,r,s,t,e,l,l,a,r, ,a,n,d, ,I,n,t,e,r,g,a,l,a,c,t,i,c, ,D,i,s,t,a,n,c,e,s,',",",N,o,n,e,",",4,.,8,5,3,1,6,1,",",2,0,1,7,-,0,9,-,2,2, ,2,0,:,3,9,:,0,6,.,3,9,3,6,0,4,+,0,0,:,0,0,",",N,o,n,e,",",N,o,n,e,","
2,5,4,3,",",U,s,e,r, ,2,1, ,-, ,L,e,a,r,n,e,r, ,1,8,",",1,0,1, ,-, ,b,',D,a,m,n, ,Y,a,n,k,e,e,s,',",",N,o,n,e,",",8,.,3,3,5,2,1,0,",",2,0,1,7,-,0,9,-,2,2, ,2,0,:,3,9,:,0,6,.,5,3,0,1,7,6,+,0,0,:,0,0,",",N,o,n,e,",",N,o,n,e,","
2,5,4,4,",",U,s,e,r, ,2,1, ,-, ,L,e,a,r,n,e,r, ,1,8,",",1,0,2, ,-, ,b,',D,a,n,c,e,m,a,k,e,r,',",",N,o,n,e,",",8,.,8,7,8,4,6,5,",",2,0,1,7,-,0,9,-,2,2, ,2,0,:,3,9,:,0,6,.,6,9,2,2,3,8,+,0,0,:,0,0,",",N,o,n,e,",",N,o,n,e,","
2,5,4,5,",",U,s,e,r, ,2,1, ,-, ,L,e,a,r,n,e,r, ,1,8,",",1,0,3, ,-, ,b,',T,h,e, ,D,a,w,n, ,P,a,t,r,o,l,',",",N,o,n,e,",",6,.,5,9,1,6,0,1,",",2,0,1,7,-,0,9,-,2,2, ,2,0,:,3,9,:,0,6,.,8,3,2,7,6,7,+,0,0,:,0,0,",",N,o,n,e,",",N,o,n,e,","
2,5,4,6,",",U,s,e,r, ,2,1, ,-, ,L,e,a,r,n,e,r, ,1,8,",",1,0,4, ,-, ,b,',D,e,a,r, ,F,r,a,n,k,i,e,',",",N,o,n,e,",",3,.,0,3,8,8,9,1,",",2,0,1,7,-,0,9,-,2,2, ,2,0,:,3,9,:,0,6,.,9,8,2,4,9,5,+,0,0,:,0,0,",",N,o,n,e,",",N,o,n,e,","
2,5,4,7,",",U,s,e,r, ,2,1, ,-, ,L,e,a,r,n,e,r, ,1,8,",",1,0,5, ,-, ,b,',D,e,g,a,s, ,a,n,d, ,t,h,e, ,D,a,n,c,e,r,',",",N,o,n,e,",",1,1,.,5,0,4,8,9,8,",",2,0,1,7,-,0,9,-,2,2, ,2,0,:,3,9,:,0,7,.,1,5,8,4,3,8,+,0,0,:,0,0,",",N,o,n,e,",",N,o,n,e,","
2,5,4,8,",",U,s,e,r, ,2,1, ,-, ,L,e,a,r,n,e,r, ,1,8,",",1,0,6, ,-, ,b,"""",D,e,p,a,r,t,u,r,e,s, ,?, ,H,e,r,o,',s, ,J,o,u,r,n,e,y, ,L,e,s,s,o,n, ,P,l,a,n,"""",",",N,o,n,e,",",7,.,9,2,3,6,2,5,",",2,0,1,7,-,0,9,-,2,2, ,2,0,:,3,9,:,0,7,.,3,0,6,6,5,1,+,0,0,:,0,0,",",N,o,n,e,",",N,o,n,e,","
2,5,4,9,",",U,s,e,r, ,2,1, ,-, ,L,e,a,r,n,e,r, ,1,8,",",1,0,7, ,-, ,b,',D,e,s,e,r,t, ,B,l,o,o,m,',",",N,o,n,e,",",8,.,3,2,1,8,1,2,",",2,0,1,7,-,0,9,-,2,2, ,2,0,:,3,9,:,0,7,.,4,6,4,2,3,5,+,0,0,:,0,0,",",N,o,n,e,",",N,o,n,e,","
2,5,5,0,",",U,s,e,r, ,2,1, ,-, ,L,e,a,r,n,e,r, ,1,8,",",1,0,8, ,-, ,b,',D,o,n,a,l,d, ,i,n, ,M,a,t,h,m,a,g,i,c, ,L,a,n,d,',",",N,o,n,e,",",9,.,4,3,7,9,6,5,",",2,0,1,7,-,0,9,-,2,2, ,2,0,:,3,9,:,0,7,.,6,0,6,5,7,3,+,0,0,:,0,0,",",N,o,n,e,",",N,o,n,e,","
2,5,5,1,",",U,s,e,r, ,2,1, ,-, ,L,e,a,r,n,e,r, ,1,8,",",1,0,9, ,-, ,b,',D,r,., ,S,t,r,a,n,g,e,l,o,v,e,',",",N,o,n,e,",",-,3,.,4,9,5,3,3,0,",",2,0,1,7,-,0,9,-,2,2, ,2,0,:,3,9,:,0,7,.,7,7,4,7,2,5,+,0,0,:,0,0,",",N,o,n,e,",",N,o,n,e,","
2,5,5,2,",",U,s,e,r, ,2,1, ,-, ,L,e,a,r,n,e,r, ,1,8,",",1,1,0, ,-, ,b,',A, ,D,r,y, ,W,h,i,t,e, ,S,e,a,s,o,n,',",",N,o,n,e,",",1,0,.,0,7,9,3,5,9,",",2,0,1,7,-,0,9,-,2,2, ,2,0,:,3,9,:,0,7,.,9,3,2,9,0,9,+,0,0,:,0,0,",",N,o,n,e,",",N,o,n,e,","
2,5,5,3,",",U,s,e,r, ,2,1, ,-, ,L,e,a,r,n,e,r, ,1,8,",",1,1,1, ,-, ,b,',O,x,i,d,a,t,i,o,n,-,R,e,d,u,c,t,i,o,n, ,R,e,a,c,t,i,o,n,s, ,(,R,e,d,o,x,), ,U,s,i,n,g, ,a, ,F,i,l,m, ,C,l,i,p, ,f,r,o,m, ,D,a,y,l,i,g,h,t,',",",N,o,n,e,",",4,.,3,3,0,3,2,8,",",2,0,1,7,-,0,9,-,2,2, ,2,0,:,3,9,:,0,8,.,0,6,0,6,6,3,+,0,0,:,0,0,",",N,o,n,e,",",N,o,n,e,","
2,5,5,4,",",U,s,e,r, ,2,1, ,-, ,L,e,a,r,n,e,r, ,1,8,",",1,1,3, ,-, ,b,"""",M,u,s,i,c, ,a,s, ,a, ,H,u,m,a,n, ,a,n,d, ,C,u,l,t,u,r,a,l, ,R,i,g,h,t, ,u,s,i,n,g, ,C,l,i,p,s, ,f,r,o,m, ,D,r,., ,S,a,r,m,a,s,t,',s, ,M,u,s,i,c, ,S,c,h,o,o,l,"""",",",N,o,n,e,",",2,.,0,4,3,4,5,1,",",2,0,1,7,-,0,9,-,2,2, ,2,0,:,4,3,:,1,8,.,5,7,7,2,7,1,+,0,0,:,0,0,",",N,o,n,e,",",N,o,n,e,","
2,5,5,5,",",U,s,e,r, ,2,1, ,-, ,L,e,a,r,n,e,r, ,1,8,",",1,1,4, ,-, ,b,',E,d,g,e, ,o,f, ,A,m,e,r,i,c,a,',",",N,o,n,e,",",8,.,3,2,4,1,3,2,",",2,0,1,7,-,0,9,-,2,2, ,2,0,:,4,3,:,1,8,.,7,2,1,5,7,2,+,0,0,:,0,0,",",N,o,n,e,",",N,o,n,e,","
2,5,5,6,",",U,s,e,r, ,2,1, ,-, ,L,e,a,r,n,e,r, ,1,8,",",1,1,5, ,-, ,b,',E,d,i,s,o,n,:, ,T,h,e, ,W,i,z,a,r,d, ,o,f, ,L,i,g,h,t,',",",N,o,n,e,",",5,.,3,5,6,6,2,8,",",2,0,1,7,-,0,9,-,2,2, ,2,0,:,4,3,:,1,8,.,8,7,3,8,4,3,+,0,0,:,0,0,",",N,o,n,e,",",N,o,n,e,","
2,5,5,7,",",U,s,e,r, ,2,1, ,-, ,L,e,a,r,n,e,r, ,1,8,",",1,1,6, ,-, ,b,',E,d,w,a,r,d, ,S,c,i,s,s,o,r,h,a,n,d,s,',",",N,o,n,e,",",-,0,.,0,0,6,1,3,4,",",2,0,1,7,-,0,9,-,2,2, ,2,0,:,4,3,:,1,9,.,0,1,4,6,4,8,+,0,0,:,0,0,",",N,o,n,e,",",N,o,n,e,","
2,5,5,8,",",U,s,e,r, ,2,1, ,-, ,L,e,a,r,n,e,r, ,1,8,",",1,1,7, ,-, ,b,',E,i,n,s,t,e,i,n,:, ,L,i,g,h,t, ,t,o, ,t,h,e, ,P,o,w,e,r, ,o,f, ,2,',",",N,o,n,e,",",3,.,3,7,9,4,5,8,",",2,0,1,7,-,0,9,-,2,2, ,2,0,:,4,3,:,1,9,.,1,9,0,9,1,1,+,0,0,:,0,0,",",N,o,n,e,",",N,o,n,e,","
2,5,5,9,",",U,s,e,r, ,2,1, ,-, ,L,e,a,r,n,e,r, ,1,8,",",1,1,8, ,-, ,b,',E,l,e,a,n,o,r, ,R,o,o,s,e,v,e,l,t,',",",N,o,n,e,",",5,.,8,8,8,3,3,8,",",2,0,1,7,-,0,9,-,2,2, ,2,0,:,4,3,:,1,9,.,3,5,0,5,5,8,+,0,0,:,0,0,",",N,o,n,e,",",N,o,n,e,","
2,5,6,0,",",U,s,e,r, ,2,1, ,-, ,L,e,a,r,n,e,r, ,1,8,",",1,1,9, ,-, ,b,',E,l, ,N,o,r,t,e,',",",N,o,n,e,",",4,.,6,1,6,2,1,3,",",2,0,1,7,-,0,9,-,2,2, ,2,0,:,4,3,:,1,9,.,5,6,3,6,5,6,+,0,0,:,0,0,",",N,o,n,e,",",N,o,n,e,","
2,5,6,1,",",U,s,e,r, ,2,1, ,-, ,L,e,a,r,n,e,r, ,1,8,",",1,2,0, ,-, ,b,',E,m,m,a,',",",N,o,n,e,",",5,.,3,5,2,5,6,0,",",2,0,1,7,-,0,9,-,2,2, ,2,0,:,4,3,:,1,9,.,7,0,5,2,6,6,+,0,0,:,0,0,",",N,o,n,e,",",N,o,n,e,","
2,5,6,2,",",U,s,e,r, ,2,1, ,-, ,L,e,a,r,n,e,r, ,1,8,",",1,2,1, ,-, ,b,',E,m,p,i,r,e, ,R,e,c,o,r,d,s,',",",N,o,n,e,",",7,.,8,3,7,3,4,7,",",2,0,1,7,-,0,9,-,2,2, ,2,0,:,4,3,:,1,9,.,8,5,6,0,8,4,+,0,0,:,0,0,",",N,o,n,e,",",N,o,n,e,","
2,5,6,3,",",U,s,e,r, ,2,1, ,-, ,L,e,a,r,n,e,r, ,1,8,",",1,2,2, ,-, ,b,',E,u,r,o,p,a,!, ,E,u,r,o,p,a,!,',",",N,o,n,e,",",5,.,2,7,2,2,3,6,",",2,0,1,7,-,0,9,-,2,2, ,2,0,:,4,3,:,2,0,.,0,0,2,5,6,5,+,0,0,:,0,0,",",N,o,n,e,",",N,o,n,e,","
2,5,6,4,",",U,s,e,r, ,2,1, ,-, ,L,e,a,r,n,e,r, ,1,8,",",1,2,3, ,-, ,b,',E,v,e,r, ,A,f,t,e,r,',",",N,o,n,e,",",7,.,7,5,1,3,6,7,",",2,0,1,7,-,0,9,-,2,2, ,2,0,:,4,3,:,2,0,.,1,6,2,9,4,2,+,0,0,:,0,0,",",N,o,n,e,",",N,o,n,e,","
2,5,6,5,",",U,s,e,r, ,2,1, ,-, ,L,e,a,r,n,e,r, ,1,8,",",1,2,4, ,-, ,b,',F,a,h,r,e,n,h,e,i,t, ,4,5,1,',",",N,o,n,e,",",1,.,3,4,4,4,5,5,",",2,0,1,7,-,0,9,-,2,2, ,2,0,:,4,3,:,2,0,.,3,3,7,1,5,6,+,0,0,:,0,0,",",N,o,n,e,",",N,o,n,e,","
2,5,6,6,",",U,s,e,r, ,2,1, ,-, ,L,e,a,r,n,e,r, ,1,8,",",1,2,5, ,-, ,b,',F,a,i,l,-,S,a,f,e,',",",N,o,n,e,",",3,.,8,4,8,5,0,7,",",2,0,1,7,-,0,9,-,2,2, ,2,0,:,4,3,:,2,0,.,4,8,7,0,2,4,+,0,0,:,0,0,",",N,o,n,e,",",N,o,n,e,","
2,5,6,7,",",U,s,e,r, ,2,1, ,-, ,L,e,a,r,n,e,r, ,1,8,",",1,2,6, ,-, ,b,',F,a,t, ,M,a,n, ,a,n,d, ,L,i,t,t,l,e, ,B,o,y,',",",N,o,n,e,",",4,.,4,9,9,9,8,4,",",2,0,1,7,-,0,9,-,2,2, ,2,0,:,4,3,:,2,0,.,6,7,9,6,1,9,+,0,0,:,0,0,",",N,o,n,e,",",N,o,n,e,","
2,5,6,8,",",U,s,e,r, ,2,1, ,-, ,L,e,a,r,n,e,r, ,1,8,",",1,2,7, ,-, ,b,',F,i,d,d,l,e,r, ,o,n, ,t,h,e, ,R,o,o,f,',",",N,o,n,e,",",5,.,6,6,5,8,5,8,",",2,0,1,7,-,0,9,-,2,2, ,2,0,:,4,3,:,2,0,.,8,2,6,5,5,2,+,0,0,:,0,0,",",N,o,n,e,",",N,o,n,e,","
2,5,6,9,",",U,s,e,r, ,2,1, ,-, ,L,e,a,r,n,e,r, ,1,8,",",1,2,8, ,-, ,b,',F,i,e,l,d, ,o,f, ,D,r,e,a,m,s,',",",N,o,n,e,",",2,.,2,1,1,5,4,4,",",2,0,1,7,-,0,9,-,2,2, ,2,0,:,4,3,:,2,0,.,9,7,8,7,5,2,+,0,0,:,0,0,",",N,o,n,e,",",N,o,n,e,","
2,5,7,0,",",U,s,e,r, ,2,1, ,-, ,L,e,a,r,n,e,r, ,1,8,",",1,2,9, ,-, ,b,',G,e,n,e,r,a,l, ,F,i,c,t,i,o,n,',",",N,o,n,e,",",8,.,2,1,5,8,4,2,",",2,0,1,7,-,0,9,-,2,2, ,2,0,:,4,3,:,2,1,.,1,2,5,0,4,0,+,0,0,:,0,0,",",N,o,n,e,",",N,o,n,e,","
2,5,7,1,",",U,s,e,r, ,2,1, ,-, ,L,e,a,r,n,e,r, ,1,8,",",1,3,0, ,-, ,b,',A,d,a,p,t,a,t,i,o,n,s,',",",N,o,n,e,",",3,.,9,2,7,2,8,2,",",2,0,1,7,-,0,9,-,2,2, ,2,0,:,4,3,:,2,1,.,2,8,8,4,6,3,+,0,0,:,0,0,",",N,o,n,e,",",N,o,n,e,","
2,5,7,2,",",U,s,e,r, ,2,1, ,-, ,L,e,a,r,n,e,r, ,1,8,",",1,3,1, ,-, ,b,',H,i,s,t,o,r,i,c,a,l, ,F,i,c,t,i,o,n,',",",N,o,n,e,",",0,.,8,7,6,2,8,4,",",2,0,1,7,-,0,9,-,2,2, ,2,0,:,4,3,:,2,1,.,4,7,7,2,0,0,+,0,0,:,0,0,",",N,o,n,e,",",N,o,n,e,","
2,5,7,3,",",U,s,e,r, ,2,1, ,-, ,L,e,a,r,n,e,r, ,1,8,",",1,3,2, ,-, ,b,',S,c,i,e,n,c,e, ,F,i,c,t,i,o,n,',",",N,o,n,e,",",6,.,4,3,6,1,8,3,",",2,0,1,7,-,0,9,-,2,2, ,2,0,:,4,3,:,2,1,.,6,2,0,1,6,8,+,0,0,:,0,0,",",N,o,n,e,",",N,o,n,e,","
2,5,7,4,",",U,s,e,r, ,2,1, ,-, ,L,e,a,r,n,e,r, ,1,8,",",1,3,3, ,-, ,b,"""",H,e,r,o,',s, ,J,o,u,r,n,e,y,"""",",",N,o,n,e,",",4,.,8,3,5,3,6,4,",",2,0,1,7,-,0,9,-,2,2, ,2,0,:,4,3,:,2,1,.,8,3,6,1,2,0,+,0,0,:,0,0,",",N,o,n,e,",",N,o,n,e,","
2,5,7,5,",",U,s,e,r, ,2,1, ,-, ,L,e,a,r,n,e,r, ,1,8,",",1,3,4, ,-, ,b,',D,o,c,u,m,e,n,t,a,r,i,e,s,',",",N,o,n,e,",",-,1,.,9,9,6,6,0,3,",",2,0,1,7,-,0,9,-,2,2, ,2,0,:,4,3,:,2,2,.,0,0,0,6,9,8,+,0,0,:,0,0,",",N,o,n,e,",",N,o,n,e,","
2,5,7,6,",",U,s,e,r, ,2,1, ,-, ,L,e,a,r,n,e,r, ,1,8,",",1,3,5, ,-, ,b,',F,i,n,d,i,n,g, ,N,e,m,o,',",",N,o,n,e,",",0,.,0,4,0,2,8,9,",",2,0,1,7,-,0,9,-,2,2, ,2,0,:,4,3,:,2,2,.,1,6,2,2,7,4,+,0,0,:,0,0,",",N,o,n,e,",",N,o,n,e,","
2,5,7,7,",",U,s,e,r, ,2,1, ,-, ,L,e,a,r,n,e,r, ,1,8,",",1,3,6, ,-, ,b,',F,l,a,g,s, ,o,f, ,O,u,r, ,F,a,t,h,e,r,s,',",",N,o,n,e,",",4,.,7,2,4,6,9,9,",",2,0,1,7,-,0,9,-,2,2, ,2,0,:,4,3,:,2,2,.,3,1,7,2,3,5,+,0,0,:,0,0,",",N,o,n,e,",",N,o,n,e,","
2,5,7,8,",",U,s,e,r, ,2,1, ,-, ,L,e,a,r,n,e,r, ,1,8,",",1,3,7, ,-, ,b,',F,l,y, ,A,w,a,y, ,H,o,m,e,',",",N,o,n,e,",",5,.,2,9,2,0,1,2,",",2,0,1,7,-,0,9,-,2,2, ,2,0,:,4,3,:,2,2,.,4,6,4,9,0,7,+,0,0,:,0,0,",",N,o,n,e,",",N,o,n,e,","
2,5,7,9,",",U,s,e,r, ,2,1, ,-, ,L,e,a,r,n,e,r, ,1,8,",",1,3,9, ,-, ,b,',A, ,F,o,r,c,e, ,M,o,r,e, ,P,o,w,e,r,f,u,l,',",",N,o,n,e,",",2,.,9,0,3,1,3,0,",",2,0,1,7,-,0,9,-,2,2, ,2,0,:,4,3,:,2,2,.,6,6,2,0,6,5,+,0,0,:,0,0,",",N,o,n,e,",",N,o,n,e,","
2,5,8,0,",",U,s,e,r, ,2,1, ,-, ,L,e,a,r,n,e,r, ,1,8,",",1,4,0, ,-, ,b,',F,o,r,k,s, ,O,v,e,r, ,K,n,i,v,e,s,',",",N,o,n,e,",",2,.,0,1,9,6,9,9,",",2,0,1,7,-,0,9,-,2,2, ,2,0,:,4,3,:,2,2,.,8,5,8,4,0,1,+,0,0,:,0,0,",",N,o,n,e,",",N,o,n,e,","
2,5,8,1,",",U,s,e,r, ,2,1, ,-, ,L,e,a,r,n,e,r, ,1,8,",",1,4,1, ,-, ,b,',F,o,r, ,L,o,v,e, ,o,r, ,C,o,u,n,t,r,y,',",",N,o,n,e,",",-,0,.,9,7,6,8,6,0,",",2,0,1,7,-,0,9,-,2,2, ,2,0,:,4,3,:,2,3,.,0,3,1,4,5,2,+,0,0,:,0,0,",",N,o,n,e,",",N,o,n,e,","
2,5,8,2,",",U,s,e,r, ,2,1, ,-, ,L,e,a,r,n,e,r, ,1,8,",",1,4,2, ,-, ,b,',F,o,r,t, ,A,p,a,c,h,e,',",",N,o,n,e,",",3,.,8,0,6,5,4,5,",",2,0,1,7,-,0,9,-,2,2, ,2,0,:,4,3,:,2,3,.,3,4,9,5,4,7,+,0,0,:,0,0,",",N,o,n,e,",",N,o,n,e,","
2,5,8,3,",",U,s,e,r, ,2,1, ,-, ,L,e,a,r,n,e,r, ,1,8,",",1,4,3, ,-, ,b,',F,o,r, ,W,h,o,m, ,t,h,e, ,B,e,l,l, ,T,o,l,l,s,',",",N,o,n,e,",",4,.,3,7,5,4,9,0,",",2,0,1,7,-,0,9,-,2,2, ,2,0,:,4,3,:,2,3,.,8,3,4,1,6,8,+,0,0,:,0,0,",",N,o,n,e,",",N,o,n,e,","
2,5,8,4,",",U,s,e,r, ,2,1, ,-, ,L,e,a,r,n,e,r, ,1,8,",",1,4,5, ,-, ,b,',A, ,F,o,r,c,e, ,M,o,r,e, ,P,o,w,e,r,f,u,l,',",",N,o,n,e,",",2,.,5,5,4,6,9,8,",",2,0,1,7,-,0,9,-,2,2, ,2,0,:,4,3,:,2,4,.,1,1,2,8,2,8,+,0,0,:,0,0,",",N,o,n,e,",",N,o,n,e,","
2,5,8,5,",",U,s,e,r, ,2,1, ,-, ,L,e,a,r,n,e,r, ,1,8,",",1,4,6, ,-, ,b,',A, ,F,o,r,c,e, ,M,o,r,e, ,P,o,w,e,r,f,u,l,',",",N,o,n,e,",",5,.,8,9,6,1,9,9,",",2,0,1,7,-,0,9,-,2,2, ,2,0,:,4,3,:,2,4,.,3,0,3,9,1,2,+,0,0,:,0,0,",",N,o,n,e,",",N,o,n,e,","
2,5,8,6,",",U,s,e,r, ,2,1, ,-, ,L,e,a,r,n,e,r, ,1,8,",",1,4,7, ,-, ,b,',G,a,l,i,l,e,o,:, ,O,n, ,t,h,e, ,S,h,o,u,l,d,e,r,s, ,o,f, ,G,i,a,n,t,s,',",",N,o,n,e,",",6,.,7,7,4,6,5,6,",",2,0,1,7,-,0,9,-,2,2, ,2,0,:,4,3,:,2,4,.,4,7,7,1,3,0,+,0,0,:,0,0,",",N,o,n,e,",",N,o,n,e,","
2,5,8,7,",",U,s,e,r, ,2,1, ,-, ,L,e,a,r,n,e,r, ,1,8,",",1,4,8, ,-, ,b,',G,a,l,l,i,p,o,l,i,',",",N,o,n,e,",",2,.,4,4,9,0,6,3,",",2,0,1,7,-,0,9,-,2,2, ,2,0,:,4,3,:,2,4,.,6,4,0,3,5,8,+,0,0,:,0,0,",",N,o,n,e,",",N,o,n,e,","
2,5,8,8,",",U,s,e,r, ,2,1, ,-, ,L,e,a,r,n,e,r, ,1,8,",",1,4,9, ,-, ,b,',G,a,n,d,h,i,',",",N,o,n,e,",",2,.,2,1,3,9,7,3,",",2,0,1,7,-,0,9,-,2,2, ,2,0,:,4,3,:,2,4,.,7,7,0,5,2,0,+,0,0,:,0,0,",",N,o,n,e,",",N,o,n,e,","
2,5,8,9,",",U,s,e,r, ,2,1, ,-, ,L,e,a,r,n,e,r, ,1,8,",",1,5,0, ,-, ,b,',G,a,t,t,a,c,a,',",",N,o,n,e,",",2,.,4,7,5,7,8,9,",",2,0,1,7,-,0,9,-,2,2, ,2,0,:,4,3,:,2,4,.,9,8,2,0,4,5,+,0,0,:,0,0,",",N,o,n,e,",",N,o,n,e,","
2,5,9,0,",",U,s,e,r, ,2,1, ,-, ,L,e,a,r,n,e,r, ,1,8,",",1,5,1, ,-, ,b,"""",A, ,G,e,n,t,l,e,m,a,n,',s, ,A,g,r,e,e,m,e,n,t,"""",",",N,o,n,e,",",1,.,3,1,8,9,6,0,",",2,0,1,7,-,0,9,-,2,2, ,2,0,:,4,3,:,2,5,.,1,1,8,1,8,8,+,0,0,:,0,0,",",N,o,n,e,",",N,o,n,e,","
2,5,9,1,",",U,s,e,r, ,2,1, ,-, ,L,e,a,r,n,e,r, ,1,8,",",1,5,2, ,-, ,b,',G,e,t,t,y,s,b,u,r,g,',",",N,o,n,e,",",8,.,7,0,5,6,5,2,",",2,0,1,7,-,0,9,-,2,2, ,2,0,:,4,3,:,2,5,.,2,7,1,7,6,8,+,0,0,:,0,0,",",N,o,n,e,",",N,o,n,e,","
2,5,9,2,",",U,s,e,r, ,2,1, ,-, ,L,e,a,r,n,e,r, ,1,8,",",1,5,3, ,-, ,b,',G,h,o,s,t,s, ,o,f, ,M,i,s,s,i,s,s,i,p,p,i,',",",N,o,n,e,",",6,.,6,8,5,0,5,5,",",2,0,1,7,-,0,9,-,2,2, ,2,0,:,4,3,:,2,5,.,4,1,9,4,0,3,+,0,0,:,0,0,",",N,o,n,e,",",N,o,n,e,","
2,5,9,3,",",U,s,e,r, ,2,1, ,-, ,L,e,a,r,n,e,r, ,1,8,",",1,5,4, ,-, ,b,',G,i,g,i,',",",N,o,n,e,",",4,.,3,3,0,9,0,6,",",2,0,1,7,-,0,9,-,2,2, ,2,0,:,4,3,:,2,5,.,5,5,8,7,5,9,+,0,0,:,0,0,",",N,o,n,e,",",N,o,n,e,","
2,5,9,4,",",U,s,e,r, ,2,1, ,-, ,L,e,a,r,n,e,r, ,1,8,",",1,5,5, ,-, ,b,',T,h,e, ,G,l,a,s,s, ,M,e,n,a,g,e,r,i,e,',",",N,o,n,e,",",2,.,1,3,2,7,5,0,",",2,0,1,7,-,0,9,-,2,2, ,2,0,:,4,3,:,2,5,.,7,1,4,4,0,0,+,0,0,:,0,0,",",N,o,n,e,",",N,o,n,e,","
2,5,9,5,",",U,s,e,r, ,2,1, ,-, ,L,e,a,r,n,e,r, ,1,8,",",1,5,6, ,-, ,b,',T,h,e, ,G,l,e,n,n, ,M,i,l,l,e,r, ,S,t,o,r,y,',",",N,o,n,e,",",5,.,6,6,3,0,1,1,",",2,0,1,7,-,0,9,-,2,2, ,2,0,:,4,3,:,2,5,.,8,7,2,0,1,2,+,0,0,:,0,0,",",N,o,n,e,",",N,o,n,e,","
2,5,9,6,",",U,s,e,r, ,2,1, ,-, ,L,e,a,r,n,e,r, ,1,8,",",1,5,7, ,-, ,b,',G,l,o,r,y,',",",N,o,n,e,",",7,.,1,0,2,0,4,9,",",2,0,1,7,-,0,9,-,2,2, ,2,0,:,4,3,:,2,6,.,0,8,6,8,1,4,+,0,0,:,0,0,",",N,o,n,e,",",N,o,n,e,","
2,5,9,7,",",U,s,e,r, ,2,1, ,-, ,L,e,a,r,n,e,r, ,1,8,",",1,5,8, ,-, ,b,',T,h,e, ,G,o,d,s, ,M,u,s,t, ,b,e, ,C,r,a,z,y,',",",N,o,n,e,",",0,.,5,9,2,4,5,4,",",2,0,1,7,-,0,9,-,2,2, ,2,0,:,4,3,:,2,6,.,2,4,7,4,3,5,+,0,0,:,0,0,",",N,o,n,e,",",N,o,n,e,","
2,5,9,8,",",U,s,e,r, ,2,1, ,-, ,L,e,a,r,n,e,r, ,1,8,",",1,5,9, ,-, ,b,',T,h,e, ,G,o,d,s, ,M,u,s,t, ,B,e, ,C,r,a,z,y, ,I,I,',",",N,o,n,e,",",5,.,1,0,1,6,8,9,",",2,0,1,7,-,0,9,-,2,2, ,2,0,:,4,3,:,2,6,.,4,4,1,1,4,5,+,0,0,:,0,0,",",N,o,n,e,",",N,o,n,e,","
2,5,9,9,",",U,s,e,r, ,2,1, ,-, ,L,e,a,r,n,e,r, ,1,8,",",1,6,0, ,-, ,b,',G,o,n,e, ,W,i,t,h, ,t,h,e, ,W,i,n,d,',",",N,o,n,e,",",7,.,7,0,9,6,0,9,",",2,0,1,7,-,0,9,-,2,2, ,2,0,:,4,3,:,2,6,.,5,8,5,6,9,3,+,0,0,:,0,0,",",N,o,n,e,",",N,o,n,e,","
2,6,0,0,",",U,s,e,r, ,2,1, ,-, ,L,e,a,r,n,e,r, ,1,8,",",1,6,1, ,-, ,b,',G,o,o,d, ,W,i,l,l, ,H,u,n,t,i,n,g,',",",N,o,n,e,",",8,.,6,5,0,1,1,0,",",2,0,1,7,-,0,9,-,2,2, ,2,0,:,4,3,:,2,6,.,7,4,7,0,3,2,+,0,0,:,0,0,",",N,o,n,e,",",N,o,n,e,","
2,6,0,1,",",U,s,e,r, ,2,1, ,-, ,L,e,a,r,n,e,r, ,1,8,",",1,6,2, ,-, ,b,',G,o,r,i,l,l,a,s, ,i,n, ,t,h,e, ,M,i,s,t,',",",N,o,n,e,",",1,.,0,0,5,3,1,2,",",2,0,1,7,-,0,9,-,2,2, ,2,0,:,4,3,:,2,6,.,9,0,5,3,8,3,+,0,0,:,0,0,",",N,o,n,e,",",N,o,n,e,","
2,6,0,2,",",U,s,e,r, ,2,1, ,-, ,L,e,a,r,n,e,r, ,1,8,",",1,6,3, ,-, ,b,',G,o,y,a,:, ,A,w,a,k,e,n,e,d, ,i,n, ,a, ,D,r,e,a,m,',",",N,o,n,e,",",4,.,2,3,7,1,8,5,",",2,0,1,7,-,0,9,-,2,2, ,2,0,:,4,3,:,2,7,.,0,5,1,0,5,6,+,0,0,:,0,0,",",N,o,n,e,",",N,o,n,e,","
2,6,0,3,",",U,s,e,r, ,2,1, ,-, ,L,e,a,r,n,e,r, ,1,8,",",1,6,4, ,-, ,b,"""",G,r,a,c,i,e,',s, ,C,h,o,i,c,e,"""",",",N,o,n,e,",",4,.,0,9,6,7,6,2,",",2,0,1,7,-,0,9,-,2,2, ,2,0,:,4,3,:,2,7,.,2,5,1,9,9,2,+,0,0,:,0,0,",",N,o,n,e,",",N,o,n,e,","
2,6,0,4,",",U,s,e,r, ,2,1, ,-, ,L,e,a,r,n,e,r, ,1,8,",",1,6,5, ,-, ,b,',T,h,e, ,G,r,a,p,e,s, ,o,f, ,W,r,a,t,h,',",",N,o,n,e,",",8,.,9,5,4,1,5,7,",",2,0,1,7,-,0,9,-,2,2, ,2,0,:,4,3,:,2,7,.,3,8,6,8,5,3,+,0,0,:,0,0,",",N,o,n,e,",",N,o,n,e,","
2,6,0,5,",",U,s,e,r, ,2,1, ,-, ,L,e,a,r,n,e,r, ,1,8,",",1,6,6, ,-, ,b,',G,r,a,v,e, ,o,f, ,t,h,e, ,F,i,r,e,f,l,i,e,s,',",",N,o,n,e,",",2,.,1,6,2,1,2,1,",",2,0,1,7,-,0,9,-,2,2, ,2,0,:,4,3,:,2,7,.,5,8,4,4,2,8,+,0,0,:,0,0,",",N,o,n,e,",",N,o,n,e,","
2,6,0,6,",",U,s,e,r, ,2,1, ,-, ,L,e,a,r,n,e,r, ,1,8,",",1,6,7, ,-, ,b,',T,h,e, ,G,r,e,a,t, ,D,i,c,t,a,t,o,r,',",",N,o,n,e,",",-,0,.,5,3,2,2,8,7,",",2,0,1,7,-,0,9,-,2,2, ,2,0,:,4,3,:,2,7,.,9,0,9,6,8,6,+,0,0,:,0,0,",",N,o,n,e,",",N,o,n,e,","
2,6,0,7,",",U,s,e,r, ,2,1, ,-, ,L,e,a,r,n,e,r, ,1,8,",",1,6,9, ,-, ,b,',T,h,e, ,G,r,e,a,t, ,I,n,v,e,n,t,o,r,s,',",",N,o,n,e,",",3,.,0,3,8,1,0,7,",",2,0,1,7,-,0,9,-,2,2, ,2,0,:,4,3,:,2,8,.,4,3,4,1,0,2,+,0,0,:,0,0,",",N,o,n,e,",",N,o,n,e,","
2,6,0,8,",",U,s,e,r, ,2,1, ,-, ,L,e,a,r,n,e,r, ,1,8,",",1,7,0, ,-, ,b,',T,h,e, ,G,r,e,a,t, ,G,a,t,s,b,y,',",",N,o,n,e,",",2,.,3,4,5,8,3,1,",",2,0,1,7,-,0,9,-,2,2, ,2,0,:,4,3,:,2,8,.,7,7,2,0,8,1,+,0,0,:,0,0,",",N,o,n,e,",",N,o,n,e,","
2,6,0,9,",",U,s,e,r, ,2,1, ,-, ,L,e,a,r,n,e,r, ,1,8,",",1,7,2, ,-, ,b,"""",G,u,e,s,s, ,W,h,o,',s, ,C,o,m,i,n,g, ,t,o, ,D,i,n,n,e,r,"""",",",N,o,n,e,",",5,.,5,0,7,9,1,1,",",2,0,1,7,-,0,9,-,2,2, ,2,0,:,4,3,:,2,9,.,1,9,6,8,1,8,+,0,0,:,0,0,",",N,o,n,e,",",N,o,n,e,","
2,6,1,0,",",U,s,e,r, ,2,1, ,-, ,L,e,a,r,n,e,r, ,1,8,",",1,7,3, ,-, ,b,"""",G,u,l,l,i,v,e,r,',s, ,T,r,a,v,e,l,s,"""",",",N,o,n,e,",",5,.,1,0,6,1,4,9,",",2,0,1,7,-,0,9,-,2,2, ,2,0,:,4,3,:,2,9,.,5,4,3,5,3,7,+,0,0,:,0,0,",",N,o,n,e,",",N,o,n,e,","
2,6,1,1,",",U,s,e,r, ,2,1, ,-, ,L,e,a,r,n,e,r, ,1,8,",",1,7,4, ,-, ,b,',H,a,m,l,e,t,',",",N,o,n,e,",",2,.,8,8,8,3,4,4,",",2,0,1,7,-,0,9,-,2,2, ,2,0,:,4,3,:,2,9,.,8,8,1,9,0,2,+,0,0,:,0,0,",",N,o,n,e,",",N,o,n,e,","
2,6,1,2,",",U,s,e,r, ,2,1, ,-, ,L,e,a,r,n,e,r, ,1,8,",",1,7,6, ,-, ,b,',H,a,w,a,i,i,',",",N,o,n,e,",",1,.,5,6,8,0,0,0,",",2,0,1,7,-,0,9,-,2,2, ,2,0,:,4,3,:,3,0,.,2,7,0,2,3,0,+,0,0,:,0,0,",",N,o,n,e,",",N,o,n,e,","
2,6,1,3,",",U,s,e,r, ,2,1, ,-, ,L,e,a,r,n,e,r, ,1,8,",",1,7,7, ,-, ,b,',T,h,e, ,H,e,l,p,',",",N,o,n,e,",",1,.,2,4,7,4,7,4,",",2,0,1,7,-,0,9,-,2,2, ,2,0,:,4,3,:,3,0,.,4,1,2,1,6,3,+,0,0,:,0,0,",",N,o,n,e,",",N,o,n,e,","
2,6,1,4,",",U,s,e,r, ,2,1, ,-, ,L,e,a,r,n,e,r, ,1,8,",",1,7,8, ,-, ,b,',H,e,r,c,u,l,e,s,',",",N,o,n,e,",",-,0,.,5,5,8,3,7,1,",",2,0,1,7,-,0,9,-,2,2, ,2,0,:,4,3,:,3,0,.,6,8,2,0,8,9,+,0,0,:,0,0,",",N,o,n,e,",",N,o,n,e,","
2,6,1,5,",",U,s,e,r, ,2,1, ,-, ,L,e,a,r,n,e,r, ,1,8,",",1,7,9, ,-, ,b,',H,e,s,t,e,r, ,S,t,r,e,e,t,',",",N,o,n,e,",",4,.,9,9,9,1,6,4,",",2,0,1,7,-,0,9,-,2,2, ,2,0,:,4,3,:,3,0,.,8,4,4,9,9,8,+,0,0,:,0,0,",",N,o,n,e,",",N,o,n,e,","
2,6,1,6,",",U,s,e,r, ,2,1, ,-, ,L,e,a,r,n,e,r, ,1,8,",",1,8,0, ,-, ,b,',H,i,g,h, ,N,o,o,n, ,f,o,r, ,A,m,e,r,i,c,a,n, ,H,i,s,t,o,r,y, ,a,n,d, ,C,i,v,i,c,s, ,C,l,a,s,s,e,s,',",",N,o,n,e,",",3,.,0,2,0,0,0,9,",",2,0,1,7,-,0,9,-,2,2, ,2,0,:,4,3,:,3,1,.,0,0,6,3,2,8,+,0,0,:,0,0,",",N,o,n,e,",",N,o,n,e,","
2,6,1,7,",",U,s,e,r, ,2,1, ,-, ,L,e,a,r,n,e,r, ,1,8,",",1,8,1, ,-, ,b,',H,i,g,h, ,N,o,o,n, ,f,o,r, ,E,L,A, ,C,l,a,s,s,e,s,',",",N,o,n,e,",",0,.,0,3,5,4,5,3,",",2,0,1,7,-,0,9,-,2,2, ,2,0,:,4,3,:,3,1,.,1,4,3,8,7,0,+,0,0,:,0,0,",",N,o,n,e,",",N,o,n,e,","
2,6,1,8,",",U,s,e,r, ,2,1, ,-, ,L,e,a,r,n,e,r, ,1,8,",",1,8,2, ,-, ,b,',H,i,g,h, ,S,c,h,o,o,l, ,M,u,s,i,c,a,l,',",",N,o,n,e,",",4,.,8,4,3,7,3,1,",",2,0,1,7,-,0,9,-,2,2, ,2,0,:,4,3,:,3,1,.,3,2,5,1,6,1,+,0,0,:,0,0,",",N,o,n,e,",",N,o,n,e,","
2,6,1,9,",",U,s,e,r, ,2,1, ,-, ,L,e,a,r,n,e,r, ,1,8,",",1,8,4, ,-, ,b,',W,i,n,s,l,o,w, ,H,o,m,e,r,:, ,A,n, ,A,m,e,r,i,c,a,n, ,O,r,i,g,i,n,a,l,',",",N,o,n,e,",",0,.,9,0,8,7,9,2,",",2,0,1,7,-,0,9,-,2,2, ,2,0,:,4,3,:,3,1,.,6,2,2,5,8,3,+,0,0,:,0,0,",",N,o,n,e,",",N,o,n,e,","
2,6,2,0,",",U,s,e,r, ,2,1, ,-, ,L,e,a,r,n,e,r, ,1,8,",",1,8,5, ,-, ,b,',H,o,o,p, ,D,r,e,a,m,s,',",",N,o,n,e,",",6,.,9,6,1,5,8,2,",",2,0,1,7,-,0,9,-,2,2, ,2,0,:,4,3,:,3,1,.,8,4,0,3,7,7,+,0,0,:,0,0,",",N,o,n,e,",",N,o,n,e,","
2,6,2,1,",",U,s,e,r, ,2,1, ,-, ,L,e,a,r,n,e,r, ,1,8,",",1,8,6, ,-, ,b,',H,o,o,s,i,e,r,s,',",",N,o,n,e,",",-,4,.,0,7,0,4,7,1,",",2,0,1,7,-,0,9,-,2,2, ,2,0,:,4,3,:,3,2,.,0,6,1,0,3,0,+,0,0,:,0,0,",",N,o,n,e,",",N,o,n,e,","
2,6,2,2,",",U,s,e,r, ,2,1, ,-, ,L,e,a,r,n,e,r, ,1,8,",",1,8,7, ,-, ,b,',H,o,t,e,l, ,R,w,a,n,d,a,',",",N,o,n,e,",",3,.,5,1,8,9,8,6,",",2,0,1,7,-,0,9,-,2,2, ,2,0,:,4,3,:,3,2,.,2,5,0,8,5,6,+,0,0,:,0,0,",",N,o,n,e,",",N,o,n,e,","
2,6,2,3,",",U,s,e,r, ,2,1, ,-, ,L,e,a,r,n,e,r, ,1,8,",",1,8,8, ,-, ,b,',H,i,g,h, ,N,o,o,n, ,?, ,S,n,i,p,p,e,t, ,L,e,s,s,o,n, ,P,l,a,n, ,o,n, ,t,h,e, ,E,x,p,o,s,i,t,o,r,y, ,P,h,a,s,e, ,E,L,A,:, ,E,x,p,o,s,i,t,o,r,y, ,P,h,a,s,e,',",",N,o,n,e,",",1,.,2,3,8,3,9,9,",",2,0,1,7,-,0,9,-,2,2, ,2,0,:,4,3,:,3,2,.,4,2,1,8,6,6,+,0,0,:,0,0,",",N,o,n,e,",",N,o,n,e,","
2,6,2,4,",",U,s,e,r, ,2,1, ,-, ,L,e,a,r,n,e,r, ,1,8,",",1,8,9, ,-, ,b,',I,c,e, ,P,r,i,n,c,e,s,s,',",",N,o,n,e,",",6,.,5,4,0,1,3,3,",",2,0,1,7,-,0,9,-,2,2, ,2,0,:,4,3,:,3,2,.,5,9,4,1,9,5,+,0,0,:,0,0,",",N,o,n,e,",",N,o,n,e,","
2,6,2,5,",",U,s,e,r, ,2,1, ,-, ,L,e,a,r,n,e,r, ,1,8,",",1,9,0, ,-, ,b,',A,n, ,I,d,e,a,l, ,H,u,s,b,a,n,d,',",",N,o,n,e,",",3,.,6,0,2,9,4,4,",",2,0,1,7,-,0,9,-,2,2, ,2,0,:,4,3,:,3,2,.,9,0,6,3,7,2,+,0,0,:,0,0,",",N,o,n,e,",",N,o,n,e,","
2,6,2,6,",",U,s,e,r, ,2,1, ,-, ,L,e,a,r,n,e,r, ,1,8,",",1,9,3, ,-, ,b,',T,h,e, ,I,n,n,e,r, ,C,i,r,c,l,e,',",",N,o,n,e,",",7,.,4,7,9,5,7,3,",",2,0,1,7,-,0,9,-,2,2, ,2,0,:,4,3,:,3,3,.,3,0,3,0,2,8,+,0,0,:,0,0,",",N,o,n,e,",",N,o,n,e,","
2,6,2,7,",",U,s,e,r, ,2,1, ,-, ,L,e,a,r,n,e,r, ,1,8,",",1,9,4, ,-, ,b,',T,h,e, ,I,n,s,i,d,e,r,',",",N,o,n,e,",",1,.,4,7,0,8,6,6,",",2,0,1,7,-,0,9,-,2,2, ,2,0,:,4,3,:,3,3,.,5,7,8,7,4,8,+,0,0,:,0,0,",",N,o,n,e,",",N,o,n,e,","
2,6,2,8,",",U,s,e,r, ,2,1, ,-, ,L,e,a,r,n,e,r, ,1,8,",",1,9,5, ,-, ,b,',I,n,t,o, ,t,h,e, ,W,i,l,d,',",",N,o,n,e,",",6,.,9,8,4,0,1,5,",",2,0,1,7,-,0,9,-,2,2, ,2,0,:,4,3,:,3,3,.,8,1,8,2,5,9,+,0,0,:,0,0,",",N,o,n,e,",",N,o,n,e,","
2,6,2,9,",",U,s,e,r, ,2,1, ,-, ,L,e,a,r,n,e,r, ,1,8,",",1,9,6, ,-, ,b,',T,h,e, ,I,n,v,e,n,t,i,o,n, ,o,f, ,L,y,i,n,g,',",",N,o,n,e,",",3,.,3,6,2,0,8,9,",",2,0,1,7,-,0,9,-,2,2, ,2,0,:,4,3,:,3,4,.,0,5,2,6,4,6,+,0,0,:,0,0,",",N,o,n,e,",",N,o,n,e,","
2,6,3,0,",",U,s,e,r, ,2,1, ,-, ,L,e,a,r,n,e,r, ,1,8,",",1,9,7, ,-, ,b,',I,r,o,n, ,J,a,w,e,d, ,A,n,g,e,l,s,',",",N,o,n,e,",",-,1,.,0,2,3,1,1,2,",",2,0,1,7,-,0,9,-,2,2, ,2,0,:,4,3,:,3,4,.,1,9,4,2,7,8,+,0,0,:,0,0,",",N,o,n,e,",",N,o,n,e,","
2,6,3,1,",",U,s,e,r, ,2,1, ,-, ,L,e,a,r,n,e,r, ,1,8,",",1,9,8, ,-, ,b,"""",I,t,',s, ,a, ,W,o,n,d,e,r,f,u,l, ,L,i,f,e,"""",",",N,o,n,e,",",4,.,2,2,7,9,6,8,",",2,0,1,7,-,0,9,-,2,2, ,2,0,:,4,3,:,3,4,.,3,4,6,6,5,8,+,0,0,:,0,0,",",N,o,n,e,",",N,o,n,e,","
2,6,3,2,",",U,s,e,r, ,2,1, ,-, ,L,e,a,r,n,e,r, ,1,8,",",1,9,9, ,-, ,b,',I,n, ,H,e,r, ,S,h,o,e,s,',",",N,o,n,e,",",6,.,0,3,1,3,1,3,",",2,0,1,7,-,0,9,-,2,2, ,2,0,:,4,3,:,3,4,.,4,7,7,5,8,5,+,0,0,:,0,0,",",N,o,n,e,",",N,o,n,e,","
2,6,3,3,",",U,s,e,r, ,2,1, ,-, ,L,e,a,r,n,e,r, ,1,8,",",2,0,0, ,-, ,b,',T,h,e, ,J,a,c,k,i,e, ,R,o,b,i,n,s,o,n, ,S,t,o,r,y,',",",N,o,n,e,",",-,0,.,5,7,4,5,0,9,",",2,0,1,7,-,0,9,-,2,2, ,2,0,:,4,3,:,3,4,.,6,4,3,4,0,5,+,0,0,:,0,0,",",N,o,n,e,",",N,o,n,e,","
2,6,3,4,",",U,s,e,r, ,2,1, ,-, ,L,e,a,r,n,e,r, ,1,8,",",2,0,1, ,-, ,b,"""",J,a,m,e,s,', ,J,o,u,r,n,e,y, ,t,o, ,J,e,r,u,s,a,l,e,m,"""",",",N,o,n,e,",",7,.,5,6,3,4,0,6,",",2,0,1,7,-,0,9,-,2,2, ,2,0,:,4,3,:,3,4,.,7,7,9,4,3,6,+,0,0,:,0,0,",",N,o,n,e,",",N,o,n,e,","
2,6,3,5,",",U,s,e,r, ,2,1, ,-, ,L,e,a,r,n,e,r, ,1,8,",",2,0,2, ,-, ,b,',T,h,e, ,J,a,z,z, ,S,i,n,g,e,r,',",",N,o,n,e,",",5,.,2,4,0,2,7,1,",",2,0,1,7,-,0,9,-,2,2, ,2,0,:,4,3,:,3,4,.,9,3,9,5,0,7,+,0,0,:,0,0,",",N,o,n,e,",",N,o,n,e,","
2,6,3,6,",",U,s,e,r, ,2,1, ,-, ,L,e,a,r,n,e,r, ,1,8,",",2,0,3, ,-, ,b,',T,h,e, ,J,o,y, ,L,u,c,k, ,C,l,u,b,',",",N,o,n,e,",",2,.,6,4,5,5,7,1,",",2,0,1,7,-,0,9,-,2,2, ,2,0,:,4,3,:,3,5,.,1,4,4,7,6,3,+,0,0,:,0,0,",",N,o,n,e,",",N,o,n,e,","
2,6,3,7,",",U,s,e,r, ,2,1, ,-, ,L,e,a,r,n,e,r, ,1,8,",",2,0,4, ,-, ,b,',J,u,d,g,m,e,n,t, ,a,t, ,N,u,r,e,m,b,e,r,g,',",",N,o,n,e,",",4,.,7,1,3,6,2,6,",",2,0,1,7,-,0,9,-,2,2, ,2,0,:,4,3,:,3,5,.,3,3,2,7,3,0,+,0,0,:,0,0,",",N,o,n,e,",",N,o,n,e,","
2,6,3,8,",",U,s,e,r, ,2,1, ,-, ,L,e,a,r,n,e,r, ,1,8,",",2,0,5, ,-, ,b,',J,u,l,i,u,s, ,C,a,e,s,a,r,',",",N,o,n,e,",",6,.,7,0,7,0,1,4,",",2,0,1,7,-,0,9,-,2,2, ,2,0,:,4,3,:,3,5,.,4,7,1,4,3,1,+,0,0,:,0,0,",",N,o,n,e,",",N,o,n,e,","
2,6,3,9,",",U,s,e,r, ,2,1, ,-, ,L,e,a,r,n,e,r, ,1,8,",",2,0,6, ,-, ,b,',T,h,e, ,K,i,n,g, ,a,n,d, ,I,',",",N,o,n,e,",",3,.,7,3,4,2,4,5,",",2,0,1,7,-,0,9,-,2,2, ,2,0,:,4,3,:,3,5,.,6,2,6,6,1,0,+,0,0,:,0,0,",",N,o,n,e,",",N,o,n,e,","
2,6,4,0,",",U,s,e,r, ,2,1, ,-, ,L,e,a,r,n,e,r, ,1,8,",",2,0,7, ,-, ,b,',K,i,t, ,K,i,t,t,r,e,d,g,e,',",",N,o,n,e,",",2,.,7,8,5,8,1,9,",",2,0,1,7,-,0,9,-,2,2, ,2,0,:,4,3,:,3,5,.,7,8,2,3,8,6,+,0,0,:,0,0,",",N,o,n,e,",",N,o,n,e,","
2,6,4,1,",",U,s,e,r, ,2,1, ,-, ,L,e,a,r,n,e,r, ,1,8,",",2,0,8, ,-, ,b,',K,n,u,t,e, ,R,o,c,k,n,e,',",",N,o,n,e,",",3,.,1,8,8,1,6,3,",",2,0,1,7,-,0,9,-,2,2, ,2,0,:,4,3,:,3,5,.,9,3,4,1,1,9,+,0,0,:,0,0,",",N,o,n,e,",",N,o,n,e,","
2,6,4,2,",",U,s,e,r, ,2,1, ,-, ,L,e,a,r,n,e,r, ,1,8,",",2,0,9, ,-, ,b,',K,u,n,d,u,n,',",",N,o,n,e,",",2,.,0,6,7,5,8,5,",",2,0,1,7,-,0,9,-,2,2, ,2,0,:,4,3,:,3,6,.,1,3,7,2,9,9,+,0,0,:,0,0,",",N,o,n,e,",",N,o,n,e,","
2,6,4,3,",",U,s,e,r, ,2,1, ,-, ,L,e,a,r,n,e,r, ,1,8,",",2,1,0, ,-, ,b,',L,a, ,T,r,a,v,i,a,t,a,',",",N,o,n,e,",",3,.,0,0,8,1,8,9,",",2,0,1,7,-,0,9,-,2,2, ,2,0,:,4,3,:,3,6,.,2,9,5,4,9,1,+,0,0,:,0,0,",",N,o,n,e,",",N,o,n,e,","
2,6,4,4,",",U,s,e,r, ,2,1, ,-, ,L,e,a,r,n,e,r, ,1,8,",",2,1,1, ,-, ,b,',L,a,w,r,e,n,c,e, ,o,f, ,A,r,a,b,i,a,',",",N,o,n,e,",",1,.,3,2,2,0,8,2,",",2,0,1,7,-,0,9,-,2,2, ,2,0,:,4,3,:,3,6,.,4,4,1,2,0,8,+,0,0,:,0,0,",",N,o,n,e,",",N,o,n,e,","
2,6,4,5,",",U,s,e,r, ,2,1, ,-, ,L,e,a,r,n,e,r, ,1,8,",",2,1,2, ,-, ,b,',L,e,o,n,a,r,d,o,:, ,A, ,D,r,e,a,m, ,o,f, ,F,l,i,g,h,t,',",",N,o,n,e,",",7,.,2,3,5,2,0,8,",",2,0,1,7,-,0,9,-,2,2, ,2,0,:,4,3,:,3,6,.,5,7,7,7,8,8,+,0,0,:,0,0,",",N,o,n,e,",",N,o,n,e,","
2,6,4,6,",",U,s,e,r, ,2,1, ,-, ,L,e,a,r,n,e,r, ,1,8,",",2,1,3, ,-, ,b,',L,e,s, ,M,i,s,\,x,c,3,\,x,a,9,r,a,b,l,e,s,',",",N,o,n,e,",",4,.,3,2,4,7,6,8,",",2,0,1,7,-,0,9,-,2,2, ,2,0,:,4,3,:,3,6,.,7,6,1,9,5,7,+,0,0,:,0,0,",",N,o,n,e,",",N,o,n,e,","
2,6,4,7,",",U,s,e,r, ,2,1, ,-, ,L,e,a,r,n,e,r, ,1,8,",",2,1,4, ,-, ,b,',T,h,e, ,L,i,f,e, ,o,f, ,E,m,i,l,e, ,Z,o,l,a,',",",N,o,n,e,",",2,.,3,8,9,6,5,1,",",2,0,1,7,-,0,9,-,2,2, ,2,0,:,4,3,:,3,6,.,9,5,9,5,5,3,+,0,0,:,0,0,",",N,o,n,e,",",N,o,n,e,","
2,6,4,8,",",U,s,e,r, ,2,1, ,-, ,L,e,a,r,n,e,r, ,1,8,",",2,1,5, ,-, ,b,',L,i,f,e, ,W,i,t,h, ,F,a,t,h,e,r,',",",N,o,n,e,",",8,.,2,7,7,5,4,5,",",2,0,1,7,-,0,9,-,2,2, ,2,0,:,4,3,:,3,7,.,1,0,0,1,1,5,+,0,0,:,0,0,",",N,o,n,e,",",N,o,n,e,","
2,6,4,9,",",U,s,e,r, ,2,1, ,-, ,L,e,a,r,n,e,r, ,1,8,",",2,1,6, ,-, ,b,"""",L,e,s,s,o,n, ,P,l,a,n,:, ,T,h,e, ,E,n,d, ,o,f, ,A,m,e,r,i,c,a,',s, ,N,i,g,h,t,m,a,r,e, ,D,a,n,c,e, ,w,i,t,h, ,S,l,a,v,e,r,y, ,U,s,i,n,g, ,S,p,i,e,l,b,e,r,g,',s, ,L,i,n,c,o,l,n,"""",",",N,o,n,e,",",4,.,8,7,8,6,6,3,",",2,0,1,7,-,0,9,-,2,2, ,2,0,:,4,3,:,3,7,.,2,9,6,6,5,3,+,0,0,:,0,0,",",N,o,n,e,",",N,o,n,e,","
2,6,5,0,",",U,s,e,r, ,2,1, ,-, ,L,e,a,r,n,e,r, ,1,8,",",2,1,7, ,-, ,b,',T,h,e, ,L,i,o,n, ,K,i,n,g,',",",N,o,n,e,",",-,0,.,3,1,8,0,2,4,",",2,0,1,7,-,0,9,-,2,2, ,2,0,:,4,3,:,3,7,.,4,7,2,7,3,9,+,0,0,:,0,0,",",N,o,n,e,",",N,o,n,e,","
2,6,5,1,",",U,s,e,r, ,2,1, ,-, ,L,e,a,r,n,e,r, ,1,8,",",2,1,8, ,-, ,b,"""",L,i,s,z,t,s,', ,R,h,a,p,s,o,d,y,"""",",",N,o,n,e,",",3,.,6,4,2,4,4,8,",",2,0,1,7,-,0,9,-,2,2, ,2,0,:,4,3,:,3,7,.,6,3,8,4,5,5,+,0,0,:,0,0,",",N,o,n,e,",",N,o,n,e,","
2,6,5,2,",",U,s,e,r, ,2,1, ,-, ,L,e,a,r,n,e,r, ,1,8,",",2,1,9, ,-, ,b,',L,i,t,t,l,e, ,B,u,d,d,h,a,',",",N,o,n,e,",",7,.,5,7,9,9,3,7,",",2,0,1,7,-,0,9,-,2,2, ,2,0,:,4,3,:,3,7,.,8,0,1,1,4,2,+,0,0,:,0,0,",",N,o,n,e,",",N,o,n,e,","
2,6,5,3,",",U,s,e,r, ,2,1, ,-, ,L,e,a,r,n,e,r, ,1,8,",",2,2,0, ,-, ,b,',L,i,t,t,l,e, ,W,o,m,e,n,',",",N,o,n,e,",",3,.,6,8,5,2,7,1,",",2,0,1,7,-,0,9,-,2,2, ,2,0,:,4,3,:,3,7,.,9,5,8,6,0,0,+,0,0,:,0,0,",",N,o,n,e,",",N,o,n,e,","
2,6,5,4,",",U,s,e,r, ,2,1, ,-, ,L,e,a,r,n,e,r, ,1,8,",",2,2,1, ,-, ,b,',T,h,e, ,L,o,n,g, ,W,a,l,k, ,H,o,m,e,',",",N,o,n,e,",",5,.,1,4,4,3,5,8,",",2,0,1,7,-,0,9,-,2,2, ,2,0,:,4,3,:,3,8,.,1,1,2,3,5,7,+,0,0,:,0,0,",",N,o,n,e,",",N,o,n,e,","
2,6,5,5,",",U,s,e,r, ,2,1, ,-, ,L,e,a,r,n,e,r, ,1,8,",",2,2,2, ,-, ,b,',T,h,e, ,L,o,n,g,e,s,t, ,D,a,y,',",",N,o,n,e,",",9,.,0,2,7,7,0,7,",",2,0,1,7,-,0,9,-,2,2, ,2,0,:,4,3,:,3,8,.,3,1,1,1,5,2,+,0,0,:,0,0,",",N,o,n,e,",",N,o,n,e,","
2,6,5,6,",",U,s,e,r, ,2,1, ,-, ,L,e,a,r,n,e,r, ,1,8,",",2,2,3, ,-, ,b,',L,o,o,k,i,n,g, ,B,e,n,e,a,t,h, ,t,h,e, ,S,u,r,f,a,c,e,',",",N,o,n,e,",",2,.,5,7,8,8,5,2,",",2,0,1,7,-,0,9,-,2,2, ,2,0,:,4,3,:,3,8,.,5,2,5,8,2,7,+,0,0,:,0,0,",",N,o,n,e,",",N,o,n,e,","
2,6,5,7,",",U,s,e,r, ,2,1, ,-, ,L,e,a,r,n,e,r, ,1,8,",",2,2,4, ,-, ,b,',L,o,o,k,i,n,g, ,F,o,r, ,R,i,c,h,a,r,d,',",",N,o,n,e,",",6,.,0,4,9,7,8,1,",",2,0,1,7,-,0,9,-,2,2, ,2,0,:,4,3,:,3,8,.,6,8,4,7,3,9,+,0,0,:,0,0,",",N,o,n,e,",",N,o,n,e,","
2,6,5,8,",",U,s,e,r, ,2,1, ,-, ,L,e,a,r,n,e,r, ,1,8,",",2,2,5, ,-, ,b,',L,o,r,d, ,o,f, ,t,h,e, ,F,l,i,e,s,',",",N,o,n,e,",",5,.,9,4,1,2,7,2,",",2,0,1,7,-,0,9,-,2,2, ,2,0,:,4,3,:,3,8,.,8,5,3,0,7,2,+,0,0,:,0,0,",",N,o,n,e,",",N,o,n,e,","
2,6,5,9,",",U,s,e,r, ,2,1, ,-, ,L,e,a,r,n,e,r, ,1,8,",",2,2,6, ,-, ,b,"""",L,o,r,e,n,z,o,',s, ,O,i,l,"""",",",N,o,n,e,",",2,.,2,7,4,5,9,7,",",2,0,1,7,-,0,9,-,2,2, ,2,0,:,4,3,:,3,8,.,9,9,5,2,3,0,+,0,0,:,0,0,",",N,o,n,e,",",N,o,n,e,","
2,6,6,0,",",U,s,e,r, ,2,1, ,-, ,L,e,a,r,n,e,r, ,1,8,",",2,2,7, ,-, ,b,',L,u,s,t, ,f,o,r, ,L,i,f,e,',",",N,o,n,e,",",4,.,9,1,9,9,6,7,",",2,0,1,7,-,0,9,-,2,2, ,2,0,:,4,3,:,3,9,.,1,3,8,2,7,2,+,0,0,:,0,0,",",N,o,n,e,",",N,o,n,e,","
2,6,6,1,",",U,s,e,r, ,2,1, ,-, ,L,e,a,r,n,e,r, ,1,8,",",2,2,8, ,-, ,b,',T,h,e, ,L,a,d,y,k,i,l,l,e,r,s,',",",N,o,n,e,",",2,.,1,2,4,2,8,6,",",2,0,1,7,-,0,9,-,2,2, ,2,0,:,4,3,:,3,9,.,2,8,0,4,0,9,+,0,0,:,0,0,",",N,o,n,e,",",N,o,n,e,","
2,6,6,2,",",U,s,e,r, ,2,1, ,-, ,L,e,a,r,n,e,r, ,1,8,",",2,2,9, ,-, ,b,',S,n,i,p,p,e,t, ,L,e,s,s,o,n, ,P,l,a,n, ,f,o,r, ,t,h,e, ,S,a,l,e, ,o,f, ,I,n,d,u,l,g,e,n,c,e,s, ,i,n, ,t,h,e, ,M,i,d,d,l,e, ,A,g,e,s, ,U,s,i,n,g, ,T,w,o, ,F,i,l,m, ,C,l,i,p,s, ,f,r,o,m, ,t,h,e, ,M,o,v,i,e, ,L,u,t,h,e,r,',",",N,o,n,e,",",2,.,8,5,9,2,1,3,",",2,0,1,7,-,0,9,-,2,2, ,2,0,:,4,3,:,3,9,.,4,8,5,5,3,5,+,0,0,:,0,0,",",N,o,n,e,",",N,o,n,e,","
2,6,6,3,",",U,s,e,r, ,2,1, ,-, ,L,e,a,r,n,e,r, ,1,8,",",2,3,0, ,-, ,b,',M,a,c,b,e,t,h,',",",N,o,n,e,",",6,.,5,4,1,1,0,8,",",2,0,1,7,-,0,9,-,2,2, ,2,0,:,4,3,:,3,9,.,6,2,7,1,9,0,+,0,0,:,0,0,",",N,o,n,e,",",N,o,n,e,","
2,6,6,4,",",U,s,e,r, ,2,1, ,-, ,L,e,a,r,n,e,r, ,1,8,",",2,3,1, ,-, ,b,',M,a,d,a,m,e, ,C,u,r,i,e,',",",N,o,n,e,",",3,.,9,0,8,0,8,3,",",2,0,1,7,-,0,9,-,2,2, ,2,0,:,4,3,:,3,9,.,7,8,2,4,3,3,+,0,0,:,0,0,",",N,o,n,e,",",N,o,n,e,","
2,6,6,5,",",U,s,e,r, ,2,1, ,-, ,L,e,a,r,n,e,r, ,1,8,",",2,3,2, ,-, ,b,',A, ,M,a,n, ,f,o,r, ,A,l,l, ,S,e,a,s,o,n,s,',",",N,o,n,e,",",2,.,7,0,2,2,8,0,",",2,0,1,7,-,0,9,-,2,2, ,2,0,:,4,3,:,3,9,.,9,5,0,5,5,1,+,0,0,:,0,0,",",N,o,n,e,",",N,o,n,e,","
2,6,6,6,",",U,s,e,r, ,2,1, ,-, ,L,e,a,r,n,e,r, ,1,8,",",2,3,3, ,-, ,b,"""",M,a,o,',s, ,L,a,s,t, ,D,a,n,c,e,r,"""",",",N,o,n,e,",",2,.,8,6,1,0,6,4,",",2,0,1,7,-,0,9,-,2,2, ,2,0,:,4,3,:,4,0,.,1,0,0,8,6,0,+,0,0,:,0,0,",",N,o,n,e,",",N,o,n,e,","
2,6,6,7,",",U,s,e,r, ,2,1, ,-, ,L,e,a,r,n,e,r, ,1,8,",",2,3,4, ,-, ,b,',M,a,r,c,h, ,o,f, ,t,h,e, ,P,e,n,g,u,i,n,s,',",",N,o,n,e,",",-,1,.,3,5,7,1,9,6,",",2,0,1,7,-,0,9,-,2,2, ,2,0,:,4,3,:,4,0,.,2,4,9,1,2,6,+,0,0,:,0,0,",",N,o,n,e,",",N,o,n,e,","
2,6,6,8,",",U,s,e,r, ,2,1, ,-, ,L,e,a,r,n,e,r, ,1,8,",",2,3,5, ,-, ,b,',M,a,r,i,e, ,C,u,r,i,e,:, ,M,o,r,e, ,T,h,a,n, ,M,e,e,t,s, ,t,h,e, ,E,y,e,',",",N,o,n,e,",",2,.,6,3,7,6,9,8,",",2,0,1,7,-,0,9,-,2,2, ,2,0,:,4,3,:,4,0,.,3,9,5,8,2,9,+,0,0,:,0,0,",",N,o,n,e,",",N,o,n,e,","
2,6,6,9,",",U,s,e,r, ,2,1, ,-, ,L,e,a,r,n,e,r, ,1,8,",",2,3,6, ,-, ,b,',M,a,s,s, ,C,a,s,u,a,l,t,i,e,s, ,L,e,s,s,o,n, ,P,l,a,n,',",",N,o,n,e,",",4,.,8,0,0,6,1,8,",",2,0,1,7,-,0,9,-,2,2, ,2,0,:,4,3,:,4,0,.,6,3,3,1,1,5,+,0,0,:,0,0,",",N,o,n,e,",",N,o,n,e,","
2,6,7,0,",",U,s,e,r, ,2,1, ,-, ,L,e,a,r,n,e,r, ,1,8,",",2,3,7, ,-, ,b,',M,a,t,e,w,a,n,',",",N,o,n,e,",",2,.,5,0,1,9,4,0,",",2,0,1,7,-,0,9,-,2,2, ,2,0,:,4,3,:,4,0,.,8,0,1,4,8,7,+,0,0,:,0,0,",",N,o,n,e,",",N,o,n,e,","
2,6,7,1,",",U,s,e,r, ,2,1, ,-, ,L,e,a,r,n,e,r, ,1,8,",",2,3,8, ,-, ,b,',T,h,e, ,M,a,y,f,l,o,w,e,r, ,V,o,y,a,g,e,r,s,',",",N,o,n,e,",",6,.,7,5,6,4,6,7,",",2,0,1,7,-,0,9,-,2,2, ,2,0,:,4,3,:,4,0,.,9,5,1,3,3,1,+,0,0,:,0,0,",",N,o,n,e,",",N,o,n,e,","
2,6,7,2,",",U,s,e,r, ,2,1, ,-, ,L,e,a,r,n,e,r, ,1,8,",",2,3,9, ,-, ,b,',M,c,F,a,r,l,a,n,d,",", ,U,S,A,',",",N,o,n,e,",",1,.,6,8,4,9,9,6,",",2,0,1,7,-,0,9,-,2,2, ,2,0,:,4,3,:,4,1,.,1,0,5,9,3,4,+,0,0,:,0,0,",",N,o,n,e,",",N,o,n,e,","
2,6,7,3,",",U,s,e,r, ,2,1, ,-, ,L,e,a,r,n,e,r, ,1,8,",",2,4,0, ,-, ,b,',M,e,m,p,h,i,s, ,B,e,l,l,e,',",",N,o,n,e,",",-,0,.,1,3,0,1,4,4,",",2,0,1,7,-,0,9,-,2,2, ,2,0,:,4,3,:,4,1,.,2,8,4,4,2,3,+,0,0,:,0,0,",",N,o,n,e,",",N,o,n,e,","
2,6,7,4,",",U,s,e,r, ,2,1, ,-, ,L,e,a,r,n,e,r, ,1,8,",",2,4,1, ,-, ,b,',M,i,c,h,a,e,l, ,C,o,l,l,i,n,s,',",",N,o,n,e,",",6,.,0,4,3,8,0,7,",",2,0,1,7,-,0,9,-,2,2, ,2,0,:,4,3,:,4,1,.,4,3,7,9,4,2,+,0,0,:,0,0,",",N,o,n,e,",",N,o,n,e,","
2,6,7,5,",",U,s,e,r, ,2,1, ,-, ,L,e,a,r,n,e,r, ,1,8,",",2,4,2, ,-, ,b,',A, ,M,i,d,n,i,g,h,t, ,C,l,e,a,r,',",",N,o,n,e,",",5,.,1,4,3,9,3,0,",",2,0,1,7,-,0,9,-,2,2, ,2,0,:,4,3,:,4,1,.,6,3,6,8,1,8,+,0,0,:,0,0,",",N,o,n,e,",",N,o,n,e,","
2,6,7,6,",",U,s,e,r, ,2,1, ,-, ,L,e,a,r,n,e,r, ,1,8,",",2,4,3, ,-, ,b,',M,i,d,n,i,g,h,t, ,i,n, ,P,a,r,i,s,',",",N,o,n,e,",",2,.,2,1,8,8,6,2,",",2,0,1,7,-,0,9,-,2,2, ,2,0,:,4,3,:,4,1,.,7,9,6,3,1,9,+,0,0,:,0,0,",",N,o,n,e,",",N,o,n,e,","
2,6,7,7,",",U,s,e,r, ,2,1, ,-, ,L,e,a,r,n,e,r, ,1,8,",",2,4,5, ,-, ,b,',T,h,e, ,M,i,r,a,c,l,e, ,W,o,r,k,e,r,',",",N,o,n,e,",",2,.,6,5,8,8,8,3,",",2,0,1,7,-,0,9,-,2,2, ,2,0,:,4,3,:,4,1,.,9,8,8,9,3,0,+,0,0,:,0,0,",",N,o,n,e,",",N,o,n,e,","
2,6,7,8,",",U,s,e,r, ,2,1, ,-, ,L,e,a,r,n,e,r, ,1,8,",",2,4,6, ,-, ,b,',T,h,e, ,M,i,s,s,i,o,n,',",",N,o,n,e,",",4,.,8,3,7,7,9,9,",",2,0,1,7,-,0,9,-,2,2, ,2,0,:,4,3,:,4,2,.,1,4,9,2,5,9,+,0,0,:,0,0,",",N,o,n,e,",",N,o,n,e,","
2,6,7,9,",",U,s,e,r, ,2,1, ,-, ,L,e,a,r,n,e,r, ,1,8,",",2,4,7, ,-, ,b,',M,o,b,y, ,D,i,c,k,',",",N,o,n,e,",",3,.,6,3,3,8,8,1,",",2,0,1,7,-,0,9,-,2,2, ,2,0,:,4,3,:,4,2,.,3,1,3,8,9,5,+,0,0,:,0,0,",",N,o,n,e,",",N,o,n,e,","
2,6,8,0,",",U,s,e,r, ,2,1, ,-, ,L,e,a,r,n,e,r, ,1,8,",",2,4,8, ,-, ,b,',M,o,d,e,r,n, ,T,i,m,e,s,',",",N,o,n,e,",",3,.,0,8,7,2,2,1,",",2,0,1,7,-,0,9,-,2,2, ,2,0,:,4,3,:,4,2,.,4,7,4,2,8,9,+,0,0,:,0,0,",",N,o,n,e,",",N,o,n,e,","
2,6,8,1,",",U,s,e,r, ,2,1, ,-, ,L,e,a,r,n,e,r, ,1,8,",",2,4,9, ,-, ,b,',M,o,u,l,i,n, ,R,o,u,g,e,',",",N,o,n,e,",",8,.,0,6,8,5,5,0,",",2,0,1,7,-,0,9,-,2,2, ,2,0,:,4,3,:,4,2,.,6,5,4,6,1,9,+,0,0,:,0,0,",",N,o,n,e,",",N,o,n,e,","
2,6,8,2,",",U,s,e,r, ,2,1, ,-, ,L,e,a,r,n,e,r, ,1,8,",",2,5,0, ,-, ,b,"""",M,r,., ,H,o,l,l,a,n,d,',s, ,O,p,u,s,"""",",",N,o,n,e,",",-,1,.,3,6,9,3,2,2,",",2,0,1,7,-,0,9,-,2,2, ,2,0,:,4,3,:,4,2,.,8,2,8,7,8,2,+,0,0,:,0,0,",",N,o,n,e,",",N,o,n,e,","
2,6,8,3,",",U,s,e,r, ,2,1, ,-, ,L,e,a,r,n,e,r, ,1,8,",",2,5,1, ,-, ,b,',M,r,s,., ,M,i,n,i,v,e,r,',",",N,o,n,e,",",8,.,2,0,6,3,7,1,",",2,0,1,7,-,0,9,-,2,2, ,2,0,:,4,3,:,4,2,.,9,7,8,1,5,5,+,0,0,:,0,0,",",N,o,n,e,",",N,o,n,e,","
2,6,8,4,",",U,s,e,r, ,2,1, ,-, ,L,e,a,r,n,e,r, ,1,8,",",2,5,2, ,-, ,b,',M,u,c,h, ,A,d,o, ,A,b,o,u,t, ,N,o,t,h,i,n,g,',",",N,o,n,e,",",3,.,5,8,1,8,1,8,",",2,0,1,7,-,0,9,-,2,2, ,2,0,:,4,3,:,4,3,.,1,2,1,8,1,1,+,0,0,:,0,0,",",N,o,n,e,",",N,o,n,e,","
2,6,8,5,",",U,s,e,r, ,2,1, ,-, ,L,e,a,r,n,e,r, ,1,8,",",2,5,3, ,-, ,b,',M,u,l,a,n,',",",N,o,n,e,",",5,.,0,0,3,3,5,3,",",2,0,1,7,-,0,9,-,2,2, ,2,0,:,4,3,:,4,3,.,2,9,3,2,2,2,+,0,0,:,0,0,",",N,o,n,e,",",N,o,n,e,","
2,6,8,6,",",U,s,e,r, ,2,1, ,-, ,L,e,a,r,n,e,r, ,1,8,",",2,5,4, ,-, ,b,',T,h,e, ,M,u,s,i,c, ,M,a,n,',",",N,o,n,e,",",1,.,8,1,3,6,2,5,",",2,0,1,7,-,0,9,-,2,2, ,2,0,:,4,3,:,4,3,.,4,5,2,9,9,3,+,0,0,:,0,0,",",N,o,n,e,",",N,o,n,e,","
2,6,8,7,",",U,s,e,r, ,2,1, ,-, ,L,e,a,r,n,e,r, ,1,8,",",2,5,5, ,-, ,b,',M,u,s,i,c, ,o,f, ,t,h,e, ,H,e,a,r,t,',",",N,o,n,e,",",4,.,0,2,6,7,4,7,",",2,0,1,7,-,0,9,-,2,2, ,2,0,:,4,3,:,4,3,.,5,8,2,3,0,7,+,0,0,:,0,0,",",N,o,n,e,",",N,o,n,e,","
2,6,8,8,",",U,s,e,r, ,2,1, ,-, ,L,e,a,r,n,e,r, ,1,8,",",2,5,6, ,-, ,b,',T,h,e, ,M,u,s,i,c, ,a,n,d, ,H,e,r,o,e,s, ,o,f, ,A,m,e,r,i,c,a,',",",N,o,n,e,",",-,0,.,8,5,6,1,9,2,",",2,0,1,7,-,0,9,-,2,2, ,2,0,:,4,3,:,4,3,.,7,9,4,6,7,4,+,0,0,:,0,0,",",N,o,n,e,",",N,o,n,e,","
2,6,8,9,",",U,s,e,r, ,2,1, ,-, ,L,e,a,r,n,e,r, ,1,8,",",2,5,7, ,-, ,b,',M,u,s,i,c, ,W,i,t,h,i,n,',",",N,o,n,e,",",3,.,7,6,7,1,6,7,",",2,0,1,7,-,0,9,-,2,2, ,2,0,:,4,3,:,4,3,.,9,5,7,2,3,6,+,0,0,:,0,0,",",N,o,n,e,",",N,o,n,e,","
2,6,9,0,",",U,s,e,r, ,2,1, ,-, ,L,e,a,r,n,e,r, ,1,8,",",2,5,8, ,-, ,b,',M,y, ,F,a,i,r, ,L,a,d,y,',",",N,o,n,e,",",4,.,2,2,3,3,9,7,",",2,0,1,7,-,0,9,-,2,2, ,2,0,:,4,3,:,4,4,.,1,1,1,7,5,7,+,0,0,:,0,0,",",N,o,n,e,",",N,o,n,e,","
2,6,9,1,",",U,s,e,r, ,2,1, ,-, ,L,e,a,r,n,e,r, ,1,8,",",2,5,9, ,-, ,b,',M,y, ,F,a,m,i,l,y,',",",N,o,n,e,",",1,.,0,0,0,2,7,2,",",2,0,1,7,-,0,9,-,2,2, ,2,0,:,4,3,:,4,4,.,2,5,3,3,7,3,+,0,0,:,0,0,",",N,o,n,e,",",N,o,n,e,","
2,6,9,2,",",U,s,e,r, ,2,1, ,-, ,L,e,a,r,n,e,r, ,1,8,",",2,6,0, ,-, ,b,',M,a,n, ,o,n, ,F,i,r,e, ,-,-, ,S,n,i,p,p,e,t, ,L,e,s,s,o,n, ,P,l,a,n, ,f,o,r, ,T,h,e, ,C,h,i,l,d, ,S,a,v,i,o,r, ,M,y,t,h, ,a,n,d, ,L,i,t,e,r,a,r,y, ,A,r,c,h,e,t,y,p,e,s,',",",N,o,n,e,",",2,.,2,5,4,3,2,8,",",2,0,1,7,-,0,9,-,2,2, ,2,0,:,4,3,:,4,4,.,3,9,8,5,2,7,+,0,0,:,0,0,",",N,o,n,e,",",N,o,n,e,","
2,6,9,3,",",U,s,e,r, ,2,1, ,-, ,L,e,a,r,n,e,r, ,1,8,",",2,6,1, ,-, ,b,',C,o,m,p,l,e,x, ,a,n,d, ,C,o,o,p,e,r,a,t,i,v,e, ,A,n,t, ,B,e,h,a,v,i,o,r,s,',",",N,o,n,e,",",0,.,6,5,1,4,6,7,",",2,0,1,7,-,0,9,-,2,2, ,2,0,:,4,3,:,4,4,.,5,4,7,0,7,4,+,0,0,:,0,0,",",N,o,n,e,",",N,o,n,e,","
2,6,9,4,",",U,s,e,r, ,2,1, ,-, ,L,e,a,r,n,e,r, ,1,8,",",2,6,2, ,-, ,b,',S,y,m,b,i,o,s,i,s, ,a,n,d, ,P,r,e,d,a,t,i,o,n, ,i,n, ,t,h,e, ,W,o,r,l,d, ,o,f, ,I,n,s,e,c,t,s,',",",N,o,n,e,",",5,.,5,9,4,6,4,8,",",2,0,1,7,-,0,9,-,2,2, ,2,0,:,4,3,:,4,4,.,6,9,4,6,1,2,+,0,0,:,0,0,",",N,o,n,e,",",N,o,n,e,","
2,6,9,5,",",U,s,e,r, ,2,1, ,-, ,L,e,a,r,n,e,r, ,1,8,",",2,6,3, ,-, ,b,',M,o,s,q,u,i,t,o, ,E,m,e,r,g,i,n,g, ,f,r,o,m, ,P,u,p,a,l, ,S,a,c,k,',",",N,o,n,e,",",0,.,9,7,0,4,2,4,",",2,0,1,7,-,0,9,-,2,2, ,2,0,:,4,3,:,4,4,.,9,0,8,9,0,2,+,0,0,:,0,0,",",N,o,n,e,",",N,o,n,e,","
2,6,9,6,",",U,s,e,r, ,2,1, ,-, ,L,e,a,r,n,e,r, ,1,8,",",2,6,5, ,-, ,b,',N,a,t,i,v,e, ,S,o,n,',",",N,o,n,e,",",0,.,7,6,4,6,5,5,",",2,0,1,7,-,0,9,-,2,2, ,2,0,:,4,3,:,4,5,.,0,9,3,4,8,1,+,0,0,:,0,0,",",N,o,n,e,",",N,o,n,e,","
2,6,9,7,",",U,s,e,r, ,2,1, ,-, ,L,e,a,r,n,e,r, ,1,8,",",2,6,6, ,-, ,b,',N,e,v,e,r, ,C,r,y, ,W,o,l,f,',",",N,o,n,e,",",5,.,4,2,8,5,6,9,",",2,0,1,7,-,0,9,-,2,2, ,2,0,:,4,3,:,4,5,.,2,5,0,5,1,5,+,0,0,:,0,0,",",N,o,n,e,",",N,o,n,e,","
2,6,9,8,",",U,s,e,r, ,2,1, ,-, ,L,e,a,r,n,e,r, ,1,8,",",2,6,7, ,-, ,b,',I,s,a,a,c, ,N,e,w,t,o,n,:, ,A, ,T,a,l,e, ,o,f, ,T,w,o, ,I,s,a,a,c,s,',",",N,o,n,e,",",2,.,4,3,3,4,5,6,",",2,0,1,7,-,0,9,-,2,2, ,2,0,:,4,3,:,4,5,.,3,9,6,9,2,0,+,0,0,:,0,0,",",N,o,n,e,",",N,o,n,e,","
2,6,9,9,",",U,s,e,r, ,2,1, ,-, ,L,e,a,r,n,e,r, ,1,8,",",2,6,8, ,-, ,b,',T,h,e, ,N,u,t,c,r,a,c,k,e,r,',",",N,o,n,e,",",6,.,9,4,7,6,6,9,",",2,0,1,7,-,0,9,-,2,2, ,2,0,:,4,3,:,4,5,.,5,4,4,4,8,3,+,0,0,:,0,0,",",N,o,n,e,",",N,o,n,e,","
2,7,0,0,",",U,s,e,r, ,2,1, ,-, ,L,e,a,r,n,e,r, ,1,8,",",2,6,9, ,-, ,b,',O,c,t,o,b,e,r, ,S,k,y,',",",N,o,n,e,",",2,.,7,0,1,0,9,8,",",2,0,1,7,-,0,9,-,2,2, ,2,0,:,4,3,:,4,5,.,6,9,7,4,5,8,+,0,0,:,0,0,",",N,o,n,e,",",N,o,n,e,","
2,7,0,1,",",U,s,e,r, ,2,1, ,-, ,L,e,a,r,n,e,r, ,1,8,",",2,7,0, ,-, ,b,',T,h,e, ,O,d,y,s,s,e,y,',",",N,o,n,e,",",-,2,.,8,6,5,5,2,5,",",2,0,1,7,-,0,9,-,2,2, ,2,0,:,4,3,:,4,5,.,8,3,3,7,8,0,+,0,0,:,0,0,",",N,o,n,e,",",N,o,n,e,","
2,7,0,2,",",U,s,e,r, ,2,1, ,-, ,L,e,a,r,n,e,r, ,1,8,",",2,7,1, ,-, ,b,',T,h,e, ,O,f,f,i,c,i,a,l, ,S,t,o,r,y,',",",N,o,n,e,",",7,.,4,1,6,7,7,9,",",2,0,1,7,-,0,9,-,2,2, ,2,0,:,4,3,:,4,6,.,0,4,1,8,2,7,+,0,0,:,0,0,",",N,o,n,e,",",N,o,n,e,","
2,7,0,3,",",U,s,e,r, ,2,1, ,-, ,L,e,a,r,n,e,r, ,1,8,",",2,7,2, ,-, ,b,',O,f, ,M,i,c,e, ,A,n,d, ,M,e,n,',",",N,o,n,e,",",6,.,2,8,9,2,3,7,",",2,0,1,7,-,0,9,-,2,2, ,2,0,:,4,3,:,4,6,.,1,8,0,4,1,2,+,0,0,:,0,0,",",N,o,n,e,",",N,o,n,e,","
2,7,0,4,",",U,s,e,r, ,2,1, ,-, ,L,e,a,r,n,e,r, ,1,8,",",2,7,3, ,-, ,b,',O,k,l,a,h,o,m,a,!,',",",N,o,n,e,",",5,.,0,9,1,3,5,5,",",2,0,1,7,-,0,9,-,2,2, ,2,0,:,4,3,:,4,6,.,3,2,5,5,1,6,+,0,0,:,0,0,",",N,o,n,e,",",N,o,n,e,","
2,7,0,5,",",U,s,e,r, ,2,1, ,-, ,L,e,a,r,n,e,r, ,1,8,",",2,7,4, ,-, ,b,',T,h,e, ,O,l,d, ,C,u,r,i,o,s,i,t,y, ,S,h,o,p,',",",N,o,n,e,",",5,.,6,3,1,5,0,2,",",2,0,1,7,-,0,9,-,2,2, ,2,0,:,4,3,:,4,6,.,4,6,0,4,6,5,+,0,0,:,0,0,",",N,o,n,e,",",N,o,n,e,","
2,7,0,6,",",U,s,e,r, ,2,1, ,-, ,L,e,a,r,n,e,r, ,1,8,",",2,7,5, ,-, ,b,',T,h,e, ,O,l,d, ,M,a,n, ,a,n,d, ,t,h,e, ,S,e,a,',",",N,o,n,e,",",3,.,2,0,4,8,0,9,",",2,0,1,7,-,0,9,-,2,2, ,2,0,:,4,3,:,4,6,.,5,9,7,1,8,1,+,0,0,:,0,0,",",N,o,n,e,",",N,o,n,e,","
2,7,0,7,",",U,s,e,r, ,2,1, ,-, ,L,e,a,r,n,e,r, ,1,8,",",2,7,6, ,-, ,b,',O,l,d, ,Y,e,l,l,e,r,',",",N,o,n,e,",",7,.,9,0,7,2,6,7,",",2,0,1,7,-,0,9,-,2,2, ,2,0,:,4,3,:,4,6,.,7,6,9,7,6,8,+,0,0,:,0,0,",",N,o,n,e,",",N,o,n,e,","
2,7,0,8,",",U,s,e,r, ,2,1, ,-, ,L,e,a,r,n,e,r, ,1,8,",",2,7,7, ,-, ,b,',O,l,i,v,e,r,!,',",",N,o,n,e,",",5,.,8,3,4,2,3,1,",",2,0,1,7,-,0,9,-,2,2, ,2,0,:,4,3,:,4,6,.,9,0,9,4,0,2,+,0,0,:,0,0,",",N,o,n,e,",",N,o,n,e,","
2,7,0,9,",",U,s,e,r, ,2,1, ,-, ,L,e,a,r,n,e,r, ,1,8,",",2,7,8, ,-, ,b,',O,l,i,v,e,r, ,T,w,i,s,t,',",",N,o,n,e,",",3,.,3,8,4,6,3,2,",",2,0,1,7,-,0,9,-,2,2, ,2,0,:,4,3,:,4,7,.,1,1,3,1,5,0,+,0,0,:,0,0,",",N,o,n,e,",",N,o,n,e,","
2,7,1,0,",",U,s,e,r, ,2,1, ,-, ,L,e,a,r,n,e,r, ,1,8,",",2,7,9, ,-, ,b,',O,n, ,T,h,e, ,W,a,t,e,r,f,r,o,n,t,',",",N,o,n,e,",",2,.,3,4,6,9,7,6,",",2,0,1,7,-,0,9,-,2,2, ,2,0,:,4,3,:,4,7,.,2,6,5,5,1,6,+,0,0,:,0,0,",",N,o,n,e,",",N,o,n,e,","
2,7,1,1,",",U,s,e,r, ,2,1, ,-, ,L,e,a,r,n,e,r, ,1,8,",",2,8,0, ,-, ,b,',T,h,e, ,O,u,t,s,i,d,e,r,s,',",",N,o,n,e,",",4,.,7,5,3,1,0,4,",",2,0,1,7,-,0,9,-,2,2, ,2,0,:,4,3,:,4,7,.,4,4,0,3,9,1,+,0,0,:,0,0,",",N,o,n,e,",",N,o,n,e,","
2,7,1,2,",",U,s,e,r, ,2,1, ,-, ,L,e,a,r,n,e,r, ,1,8,",",2,8,1, ,-, ,b,',T,h,e, ,O,x,-,B,o,w, ,I,n,c,i,d,e,n,t,',",",N,o,n,e,",",0,.,2,0,9,5,0,8,",",2,0,1,7,-,0,9,-,2,2, ,2,0,:,4,3,:,4,7,.,6,4,0,7,3,2,+,0,0,:,0,0,",",N,o,n,e,",",N,o,n,e,","
2,7,1,3,",",U,s,e,r, ,2,1, ,-, ,L,e,a,r,n,e,r, ,1,8,",",2,8,2, ,-, ,b,',S,n,i,p,p,e,t, ,L,e,s,s,o,n, ,P,l,a,n, ,o,n, ,P,a,r,a,l,l,e,l, ,U,n,i,v,e,r,s,e,s, ,U,s,i,n,g, ,F,i,l,m, ,C,l,i,p,s, ,f,r,o,m, ,T,h,e, ,O,n,e,',",",N,o,n,e,",",7,.,0,2,2,1,0,3,",",2,0,1,7,-,0,9,-,2,2, ,2,0,:,4,3,:,4,7,.,7,9,5,1,1,0,+,0,0,:,0,0,",",N,o,n,e,",",N,o,n,e,","
2,7,1,4,",",U,s,e,r, ,2,1, ,-, ,L,e,a,r,n,e,r, ,1,8,",",2,8,3, ,-, ,b,"""",D,e,r,i,v,i,n,g, ,T,h,e,m,e, ,?, ,U,s,i,n,g, ,t,h,e, ,F,i,s,h,i,n,g, ,S,c,e,n,e, ,f,r,o,m, ,O,n,e, ,F,l,e,w, ,O,v,e,r, ,t,h,e, ,C,u,c,k,o,o,',s, ,N,e,s,t,"""",",",N,o,n,e,",",6,.,1,3,8,0,0,2,",",2,0,1,7,-,0,9,-,2,2, ,2,0,:,4,3,:,4,7,.,9,4,1,2,4,8,+,0,0,:,0,0,",",N,o,n,e,",",N,o,n,e,","
2,7,1,5,",",U,s,e,r, ,2,1, ,-, ,L,e,a,r,n,e,r, ,1,8,",",2,8,4, ,-, ,b,',O,u,t,b,r,e,a,k,',",",N,o,n,e,",",3,.,4,6,0,4,4,6,",",2,0,1,7,-,0,9,-,2,2, ,2,0,:,4,3,:,4,8,.,1,0,4,8,7,6,+,0,0,:,0,0,",",N,o,n,e,",",N,o,n,e,","
2,7,1,6,",",U,s,e,r, ,2,1, ,-, ,L,e,a,r,n,e,r, ,1,8,",",2,8,5, ,-, ,b,',P,a,r,t,n,e,r,s, ,o,f, ,t,h,e, ,H,e,a,r,t,',",",N,o,n,e,",",5,.,1,0,8,4,5,2,",",2,0,1,7,-,0,9,-,2,2, ,2,0,:,4,3,:,4,8,.,2,7,1,5,5,4,+,0,0,:,0,0,",",N,o,n,e,",",N,o,n,e,","
2,7,1,7,",",U,s,e,r, ,2,1, ,-, ,L,e,a,r,n,e,r, ,1,8,",",2,8,6, ,-, ,b,',A, ,P,a,s,s,a,g,e, ,T,o, ,I,n,d,i,a,',",",N,o,n,e,",",5,.,5,0,6,9,4,5,",",2,0,1,7,-,0,9,-,2,2, ,2,0,:,4,3,:,4,8,.,4,5,8,4,7,0,+,0,0,:,0,0,",",N,o,n,e,",",N,o,n,e,","
2,7,1,8,",",U,s,e,r, ,2,1, ,-, ,L,e,a,r,n,e,r, ,1,8,",",2,8,7, ,-, ,b,',P,a,t,h,s, ,o,f, ,G,l,o,r,y,',",",N,o,n,e,",",3,.,1,0,3,4,7,3,",",2,0,1,7,-,0,9,-,2,2, ,2,0,:,4,3,:,4,8,.,6,0,8,6,2,4,+,0,0,:,0,0,",",N,o,n,e,",",N,o,n,e,","
2,7,1,9,",",U,s,e,r, ,2,1, ,-, ,L,e,a,r,n,e,r, ,1,8,",",2,8,8, ,-, ,b,',P,a,t,t,o,n,',",",N,o,n,e,",",7,.,5,2,8,6,1,0,",",2,0,1,7,-,0,9,-,2,2, ,2,0,:,4,3,:,4,8,.,7,5,3,8,3,6,+,0,0,:,0,0,",",N,o,n,e,",",N,o,n,e,","
2,7,2,0,",",U,s,e,r, ,2,1, ,-, ,L,e,a,r,n,e,r, ,1,8,",",2,8,9, ,-, ,b,',T,h,e, ,P,a,w, ,P,r,o,j,e,c,t,',",",N,o,n,e,",",4,.,3,8,9,8,1,9,",",2,0,1,7,-,0,9,-,2,2, ,2,0,:,4,3,:,4,8,.,9,6,1,0,0,0,+,0,0,:,0,0,",",N,o,n,e,",",N,o,n,e,","
2,7,2,1,",",U,s,e,r, ,2,1, ,-, ,L,e,a,r,n,e,r, ,1,8,",",2,9,0, ,-, ,b,',P,a,y, ,I,t, ,F,o,r,w,a,r,d,',",",N,o,n,e,",",5,.,8,1,0,5,2,7,",",2,0,1,7,-,0,9,-,2,2, ,2,0,:,4,3,:,4,9,.,1,1,1,9,6,8,+,0,0,:,0,0,",",N,o,n,e,",",N,o,n,e,","
2,7,2,2,",",U,s,e,r, ,2,1, ,-, ,L,e,a,r,n,e,r, ,1,8,",",2,9,1, ,-, ,b,',P,e,r,s,u,a,s,i,o,n,',",",N,o,n,e,",",1,.,6,2,6,5,6,3,",",2,0,1,7,-,0,9,-,2,2, ,2,0,:,4,3,:,4,9,.,3,7,0,2,6,9,+,0,0,:,0,0,",",N,o,n,e,",",N,o,n,e,","
2,7,2,3,",",U,s,e,r, ,2,1, ,-, ,L,e,a,r,n,e,r, ,1,8,",",2,9,2, ,-, ,b,',T,h,e, ,P,e,r,k,s, ,o,f, ,B,e,i,n,g, ,a, ,W,a,l,l,f,l,o,w,e,r,',",",N,o,n,e,",",1,.,8,6,9,2,6,2,",",2,0,1,7,-,0,9,-,2,2, ,2,0,:,4,3,:,4,9,.,5,2,0,3,6,9,+,0,0,:,0,0,",",N,o,n,e,",",N,o,n,e,","
2,7,2,4,",",U,s,e,r, ,2,1, ,-, ,L,e,a,r,n,e,r, ,1,8,",",2,9,3, ,-, ,b,',T,h,e, ,P,i,r,a,t,e,s, ,o,f, ,P,e,n,z,a,n,c,e,',",",N,o,n,e,",",5,.,3,7,1,0,9,9,",",2,0,1,7,-,0,9,-,2,2, ,2,0,:,4,3,:,4,9,.,6,8,0,5,3,0,+,0,0,:,0,0,",",N,o,n,e,",",N,o,n,e,","
2,7,2,5,",",U,s,e,r, ,2,1, ,-, ,L,e,a,r,n,e,r, ,1,8,",",2,9,4, ,-, ,b,',P,o,n,y,o,',",",N,o,n,e,",",2,.,2,2,3,2,7,2,",",2,0,1,7,-,0,9,-,2,2, ,2,0,:,4,3,:,4,9,.,8,7,2,7,8,1,+,0,0,:,0,0,",",N,o,n,e,",",N,o,n,e,","
2,7,2,6,",",U,s,e,r, ,2,1, ,-, ,L,e,a,r,n,e,r, ,1,8,",",2,9,5, ,-, ,b,',P,r,e,c,i,o,u,s,',",",N,o,n,e,",",3,.,4,0,0,1,0,3,",",2,0,1,7,-,0,9,-,2,2, ,2,0,:,4,3,:,5,0,.,0,4,5,6,5,9,+,0,0,:,0,0,",",N,o,n,e,",",N,o,n,e,","
2,7,2,7,",",U,s,e,r, ,2,1, ,-, ,L,e,a,r,n,e,r, ,1,8,",",2,9,6, ,-, ,b,',P,r,i,d,e, ,a,n,d, ,P,r,e,j,u,d,i,c,e,',",",N,o,n,e,",",5,.,8,9,5,4,5,8,",",2,0,1,7,-,0,9,-,2,2, ,2,0,:,4,3,:,5,0,.,2,1,7,9,4,2,+,0,0,:,0,0,",",N,o,n,e,",",N,o,n,e,","
2,7,2,8,",",U,s,e,r, ,2,1, ,-, ,L,e,a,r,n,e,r, ,1,8,",",2,9,7, ,-, ,b,',P,r,i,d,e, ,o,f, ,t,h,e, ,Y,a,n,k,e,e,s,',",",N,o,n,e,",",4,.,9,5,1,1,1,2,",",2,0,1,7,-,0,9,-,2,2, ,2,0,:,4,3,:,5,0,.,4,1,9,6,7,0,+,0,0,:,0,0,",",N,o,n,e,",",N,o,n,e,","
2,7,2,9,",",U,s,e,r, ,2,1, ,-, ,L,e,a,r,n,e,r, ,1,8,",",2,9,9, ,-, ,b,',T,h,e, ,P,u,r,s,u,i,t, ,o,f, ,H,a,p,p,y,n,e,s,s,',",",N,o,n,e,",",4,.,1,4,6,0,0,5,",",2,0,1,7,-,0,9,-,2,2, ,2,0,:,4,3,:,5,0,.,6,2,6,2,8,8,+,0,0,:,0,0,",",N,o,n,e,",",N,o,n,e,","
2,7,3,0,",",U,s,e,r, ,2,1, ,-, ,L,e,a,r,n,e,r, ,1,8,",",3,0,0, ,-, ,b,',P,y,g,m,a,l,i,o,n,',",",N,o,n,e,",",4,.,3,0,3,6,4,9,",",2,0,1,7,-,0,9,-,2,2, ,2,0,:,4,3,:,5,0,.,7,9,7,1,7,7,+,0,0,:,0,0,",",N,o,n,e,",",N,o,n,e,","
2,7,3,1,",",U,s,e,r, ,2,1, ,-, ,L,e,a,r,n,e,r, ,1,8,",",3,0,1, ,-, ,b,',P,i,n,k, ,F,l,o,y,d,:, ,T,h,e, ,W,a,l,l,',",",N,o,n,e,",",5,.,2,3,8,0,2,1,",",2,0,1,7,-,0,9,-,2,2, ,2,0,:,4,3,:,5,0,.,9,5,1,3,0,1,+,0,0,:,0,0,",",N,o,n,e,",",N,o,n,e,","
2,7,3,2,",",U,s,e,r, ,2,1, ,-, ,L,e,a,r,n,e,r, ,1,8,",",3,0,2, ,-, ,b,',H,a,r,m,o,n,i,c, ,M,o,t,i,o,n,',",",N,o,n,e,",",2,.,2,7,4,1,6,0,",",2,0,1,7,-,0,9,-,2,2, ,2,0,:,4,3,:,5,1,.,0,9,6,6,9,2,+,0,0,:,0,0,",",N,o,n,e,",",N,o,n,e,","
2,7,3,3,",",U,s,e,r, ,2,1, ,-, ,L,e,a,r,n,e,r, ,1,8,",",3,0,3, ,-, ,b,',R,e,f,r,a,c,t,i,o,n, ,a,n,d, ,t,h,e, ,G,r,e,e,n, ,F,l,a,s,h,',",",N,o,n,e,",",4,.,2,5,3,9,1,7,",",2,0,1,7,-,0,9,-,2,2, ,2,0,:,4,3,:,5,1,.,2,5,5,1,7,4,+,0,0,:,0,0,",",N,o,n,e,",",N,o,n,e,","
2,7,3,4,",",U,s,e,r, ,2,1, ,-, ,L,e,a,r,n,e,r, ,1,8,",",3,0,4, ,-, ,b,',T,h,e, ,A,r,c,t,i,c, ,a,n,d, ,A,n,t,a,r,c,t,i,c,a,',",",N,o,n,e,",",2,.,1,7,3,9,6,5,",",2,0,1,7,-,0,9,-,2,2, ,2,0,:,4,3,:,5,1,.,4,3,8,8,6,8,+,0,0,:,0,0,",",N,o,n,e,",",N,o,n,e,","
2,7,3,5,",",U,s,e,r, ,2,1, ,-, ,L,e,a,r,n,e,r, ,1,8,",",3,0,5, ,-, ,b,',C,a,v,e,s, ,a,n,d, ,E,x,t,r,e,m,o,p,h,i,l,e,s,',",",N,o,n,e,",",0,.,8,7,7,5,4,8,",",2,0,1,7,-,0,9,-,2,2, ,2,0,:,4,3,:,5,1,.,6,1,9,0,8,1,+,0,0,:,0,0,",",N,o,n,e,",",N,o,n,e,","
2,7,3,6,",",U,s,e,r, ,2,1, ,-, ,L,e,a,r,n,e,r, ,1,8,",",3,0,6, ,-, ,b,',D,e,e,p, ,O,c,e,a,n, ,D,w,e,l,l,e,r,s,',",",N,o,n,e,",",2,.,9,4,1,6,1,3,",",2,0,1,7,-,0,9,-,2,2, ,2,0,:,4,3,:,5,1,.,7,6,2,0,7,4,+,0,0,:,0,0,",",N,o,n,e,",",N,o,n,e,","
2,7,3,7,",",U,s,e,r, ,2,1, ,-, ,L,e,a,r,n,e,r, ,1,8,",",3,0,7, ,-, ,b,',Q,u,i,z, ,S,h,o,w,',",",N,o,n,e,",",5,.,2,9,1,7,7,3,",",2,0,1,7,-,0,9,-,2,2, ,2,0,:,4,3,:,5,1,.,8,9,0,5,5,1,+,0,0,:,0,0,",",N,o,n,e,",",N,o,n,e,","
2,7,3,8,",",U,s,e,r, ,2,1, ,-, ,L,e,a,r,n,e,r, ,1,8,",",3,0,8, ,-, ,b,',R,a,b,b,i,t,-,P,r,o,o,f, ,F,e,n,c,e,',",",N,o,n,e,",",1,.,0,4,3,4,5,1,",",2,0,1,7,-,0,9,-,2,2, ,2,0,:,4,3,:,5,2,.,0,1,2,3,4,7,+,0,0,:,0,0,",",N,o,n,e,",",N,o,n,e,","
2,7,3,9,",",U,s,e,r, ,2,1, ,-, ,L,e,a,r,n,e,r, ,1,8,",",3,0,9, ,-, ,b,',A, ,R,a,i,s,i,n, ,i,n, ,t,h,e, ,S,u,n,',",",N,o,n,e,",",3,.,9,4,6,9,6,0,",",2,0,1,7,-,0,9,-,2,2, ,2,0,:,4,3,:,5,2,.,1,4,3,3,2,3,+,0,0,:,0,0,",",N,o,n,e,",",N,o,n,e,","
2,7,4,0,",",U,s,e,r, ,2,1, ,-, ,L,e,a,r,n,e,r, ,1,8,",",3,1,0, ,-, ,b,',T,h,e, ,R,e,d, ,B,a,d,g,e, ,o,f, ,C,o,u,r,a,g,e,',",",N,o,n,e,",",5,.,7,8,4,4,0,7,",",2,0,1,7,-,0,9,-,2,2, ,2,0,:,4,3,:,5,2,.,2,7,2,5,1,7,+,0,0,:,0,0,",",N,o,n,e,",",N,o,n,e,","
2,7,4,1,",",U,s,e,r, ,2,1, ,-, ,L,e,a,r,n,e,r, ,1,8,",",3,1,1, ,-, ,b,',T,h,e, ,R,e,d, ,S,h,o,e,s,',",",N,o,n,e,",",2,.,1,3,4,2,4,6,",",2,0,1,7,-,0,9,-,2,2, ,2,0,:,4,3,:,5,2,.,4,7,4,6,5,0,+,0,0,:,0,0,",",N,o,n,e,",",N,o,n,e,","
2,7,4,2,",",U,s,e,r, ,2,1, ,-, ,L,e,a,r,n,e,r, ,1,8,",",3,1,2, ,-, ,b,',R,e,m,e,m,b,e,r, ,t,h,e, ,T,i,t,a,n,s,',",",N,o,n,e,",",7,.,8,1,0,8,7,6,",",2,0,1,7,-,0,9,-,2,2, ,2,0,:,4,3,:,5,2,.,6,5,7,7,9,9,+,0,0,:,0,0,",",N,o,n,e,",",N,o,n,e,","
2,7,4,3,",",U,s,e,r, ,2,1, ,-, ,L,e,a,r,n,e,r, ,1,8,",",3,1,3, ,-, ,b,',R,i,c,h,a,r,d, ,I,I,I,',",",N,o,n,e,",",-,1,.,3,9,2,6,2,8,",",2,0,1,7,-,0,9,-,2,2, ,2,0,:,4,3,:,5,2,.,7,8,2,3,1,3,+,0,0,:,0,0,",",N,o,n,e,",",N,o,n,e,","
2,7,4,4,",",U,s,e,r, ,2,1, ,-, ,L,e,a,r,n,e,r, ,1,8,",",3,1,4, ,-, ,b,',T,h,e, ,R,i,g,h,t, ,S,t,u,f,f,',",",N,o,n,e,",",4,.,0,4,3,5,0,2,",",2,0,1,7,-,0,9,-,2,2, ,2,0,:,4,3,:,5,2,.,9,4,1,9,0,1,+,0,0,:,0,0,",",N,o,n,e,",",N,o,n,e,","
2,7,4,5,",",U,s,e,r, ,2,1, ,-, ,L,e,a,r,n,e,r, ,1,8,",",3,1,5, ,-, ,b,',R,o,m,e,o, ,a,n,d, ,J,u,l,i,e,t,',",",N,o,n,e,",",2,.,3,5,7,5,3,1,",",2,0,1,7,-,0,9,-,2,2, ,2,0,:,4,3,:,5,3,.,0,8,2,1,1,4,+,0,0,:,0,0,",",N,o,n,e,",",N,o,n,e,","
2,7,4,6,",",U,s,e,r, ,2,1, ,-, ,L,e,a,r,n,e,r, ,1,8,",",3,1,6, ,-, ,b,',T,h,e, ,R,o,o,k,i,e,',",",N,o,n,e,",",4,.,2,4,0,8,3,8,",",2,0,1,7,-,0,9,-,2,2, ,2,0,:,4,3,:,5,3,.,2,3,2,7,1,9,+,0,0,:,0,0,",",N,o,n,e,",",N,o,n,e,","
2,7,4,7,",",U,s,e,r, ,2,1, ,-, ,L,e,a,r,n,e,r, ,1,8,",",3,1,7, ,-, ,b,',R,o,o,t,s, ,V,o,l,., ,I,',",",N,o,n,e,",",4,.,8,0,9,1,4,0,",",2,0,1,7,-,0,9,-,2,2, ,2,0,:,4,3,:,5,3,.,3,8,2,2,1,9,+,0,0,:,0,0,",",N,o,n,e,",",N,o,n,e,","
2,7,4,8,",",U,s,e,r, ,2,1, ,-, ,L,e,a,r,n,e,r, ,1,8,",",3,1,8, ,-, ,b,',R,o,o,t,s, ,V,o,l,., ,I,I,',",",N,o,n,e,",",3,.,6,7,2,6,2,9,",",2,0,1,7,-,0,9,-,2,2, ,2,0,:,4,3,:,5,3,.,5,3,3,1,7,2,+,0,0,:,0,0,",",N,o,n,e,",",N,o,n,e,","
2,7,4,9,",",U,s,e,r, ,2,1, ,-, ,L,e,a,r,n,e,r, ,1,8,",",3,2,0, ,-, ,b,',R,o,o,t,s, ,V,o,l,., ,I,V,',",",N,o,n,e,",",4,.,8,2,2,3,5,7,",",2,0,1,7,-,0,9,-,2,2, ,2,0,:,4,3,:,5,3,.,7,4,9,4,4,9,+,0,0,:,0,0,",",N,o,n,e,",",N,o,n,e,","
2,7,5,0,",",U,s,e,r, ,2,1, ,-, ,L,e,a,r,n,e,r, ,1,8,",",3,2,1, ,-, ,b,',R,o,o,t,s, ,V,o,l,., ,V,',",",N,o,n,e,",",3,.,7,9,5,9,3,3,",",2,0,1,7,-,0,9,-,2,2, ,2,0,:,4,3,:,5,3,.,9,0,5,4,6,8,+,0,0,:,0,0,",",N,o,n,e,",",N,o,n,e,","
2,7,5,1,",",U,s,e,r, ,2,1, ,-, ,L,e,a,r,n,e,r, ,1,8,",",3,2,2, ,-, ,b,',R,o,o,t,s, ,V,o,l,., ,V,I,',",",N,o,n,e,",",5,.,0,1,8,3,0,4,",",2,0,1,7,-,0,9,-,2,2, ,2,0,:,4,3,:,5,4,.,0,3,3,5,7,3,+,0,0,:,0,0,",",N,o,n,e,",",N,o,n,e,","
2,7,5,2,",",U,s,e,r, ,2,1, ,-, ,L,e,a,r,n,e,r, ,1,8,",",3,2,3, ,-, ,b,"""",R,o,s,s,i,n,i,',s, ,G,h,o,s,t,"""",",",N,o,n,e,",",3,.,4,8,1,8,9,8,",",2,0,1,7,-,0,9,-,2,2, ,2,0,:,4,3,:,5,4,.,1,5,0,6,9,9,+,0,0,:,0,0,",",N,o,n,e,",",N,o,n,e,","
2,7,5,3,",",U,s,e,r, ,2,1, ,-, ,L,e,a,r,n,e,r, ,1,8,",",3,2,4, ,-, ,b,',R,o,x,a,n,n,e,',",",N,o,n,e,",",3,.,9,4,7,9,4,6,",",2,0,1,7,-,0,9,-,2,2, ,2,0,:,4,3,:,5,4,.,3,1,0,0,2,7,+,0,0,:,0,0,",",N,o,n,e,",",N,o,n,e,","
2,7,5,4,",",U,s,e,r, ,2,1, ,-, ,L,e,a,r,n,e,r, ,1,8,",",3,2,5, ,-, ,b,',T,h,e, ,R,u,s,s,i,a,n,s, ,a,r,e, ,C,o,m,i,n,g, ,t,h,e, ,R,u,s,s,i,a,n,s, ,a,r,e, ,C,o,m,i,n,g,',",",N,o,n,e,",",3,.,0,6,1,8,2,3,",",2,0,1,7,-,0,9,-,2,2, ,2,0,:,4,3,:,5,4,.,4,4,2,8,2,4,+,0,0,:,0,0,",",N,o,n,e,",",N,o,n,e,","
2,7,5,5,",",U,s,e,r, ,2,1, ,-, ,L,e,a,r,n,e,r, ,1,8,",",3,2,6, ,-, ,b,"""",R,y,a,n,',s, ,D,a,u,g,h,t,e,r,"""",",",N,o,n,e,",",3,.,1,2,1,7,2,3,",",2,0,1,7,-,0,9,-,2,2, ,2,0,:,4,3,:,5,4,.,5,8,4,9,1,6,+,0,0,:,0,0,",",N,o,n,e,",",N,o,n,e,","
2,7,5,6,",",U,s,e,r, ,2,1, ,-, ,L,e,a,r,n,e,r, ,1,8,",",3,2,7, ,-, ,b,',V,i,r,u,s,e,s, ,a,n,d, ,t,h,e, ,S,p,e,e,d, ,o,f, ,E,v,o,l,u,t,i,o,n, ,U,s,i,n,g, ,T,h,e, ,R,e,l,i,c,',",",N,o,n,e,",",0,.,6,5,1,4,6,8,",",2,0,1,7,-,0,9,-,2,2, ,2,0,:,4,3,:,5,4,.,7,8,3,0,7,9,+,0,0,:,0,0,",",N,o,n,e,",",N,o,n,e,","
2,7,5,7,",",U,s,e,r, ,2,1, ,-, ,L,e,a,r,n,e,r, ,1,8,",",3,2,8, ,-, ,b,',R,o,b,o,t, ,E,t,h,i,c,s,',",",N,o,n,e,",",8,.,2,2,3,1,9,6,",",2,0,1,7,-,0,9,-,2,2, ,2,0,:,4,3,:,5,4,.,9,2,1,3,7,0,+,0,0,:,0,0,",",N,o,n,e,",",N,o,n,e,","
2,7,5,8,",",U,s,e,r, ,2,1, ,-, ,L,e,a,r,n,e,r, ,1,8,",",3,2,9, ,-, ,b,',T,h,e, ,S,a,n,d,l,o,t,',",",N,o,n,e,",",6,.,7,8,1,9,2,8,",",2,0,1,7,-,0,9,-,2,2, ,2,0,:,4,3,:,5,5,.,0,8,7,4,0,2,+,0,0,:,0,0,",",N,o,n,e,",",N,o,n,e,","
2,7,5,9,",",U,s,e,r, ,2,1, ,-, ,L,e,a,r,n,e,r, ,1,8,",",3,3,0, ,-, ,b,',S,a,r,a,f,i,n,a,',",",N,o,n,e,",",4,.,4,4,7,4,1,3,",",2,0,1,7,-,0,9,-,2,2, ,2,0,:,4,3,:,5,5,.,2,1,4,9,2,9,+,0,0,:,0,0,",",N,o,n,e,",",N,o,n,e,","
2,7,6,0,",",U,s,e,r, ,2,1, ,-, ,L,e,a,r,n,e,r, ,1,8,",",3,3,1, ,-, ,b,',S,a,y,o,n,a,r,a,',",",N,o,n,e,",",4,.,4,6,9,4,7,4,",",2,0,1,7,-,0,9,-,2,2, ,2,0,:,4,3,:,5,5,.,3,4,1,3,3,7,+,0,0,:,0,0,",",N,o,n,e,",",N,o,n,e,","
2,7,6,1,",",U,s,e,r, ,2,1, ,-, ,L,e,a,r,n,e,r, ,1,8,",",3,3,2, ,-, ,b,',T,h,e, ,S,c,a,r,l,e,t, ,L,e,t,t,e,r,',",",N,o,n,e,",",3,.,3,9,8,7,3,1,",",2,0,1,7,-,0,9,-,2,2, ,2,0,:,4,3,:,5,5,.,5,1,3,1,2,6,+,0,0,:,0,0,",",N,o,n,e,",",N,o,n,e,","
2,7,6,2,",",U,s,e,r, ,2,1, ,-, ,L,e,a,r,n,e,r, ,1,8,",",3,3,3, ,-, ,b,"""",S,c,h,i,n,d,l,e,r,',s, ,L,i,s,t,"""",",",N,o,n,e,",",4,.,0,9,0,2,4,8,",",2,0,1,7,-,0,9,-,2,2, ,2,0,:,4,3,:,5,5,.,6,4,8,6,7,8,+,0,0,:,0,0,",",N,o,n,e,",",N,o,n,e,","
2,7,6,3,",",U,s,e,r, ,2,1, ,-, ,L,e,a,r,n,e,r, ,1,8,",",3,3,4, ,-, ,b,',T,h,e, ,S,e,a,r,c,h,e,r,s,',",",N,o,n,e,",",3,.,7,5,9,5,5,2,",",2,0,1,7,-,0,9,-,2,2, ,2,0,:,4,3,:,5,5,.,8,4,9,5,0,6,+,0,0,:,0,0,",",N,o,n,e,",",N,o,n,e,","
2,7,6,4,",",U,s,e,r, ,2,1, ,-, ,L,e,a,r,n,e,r, ,1,8,",",3,3,5, ,-, ,b,',S,e,a,r,c,h,i,n,g, ,f,o,r, ,B,o,b,b,y, ,F,i,s,c,h,e,r,',",",N,o,n,e,",",-,1,.,8,7,4,0,6,2,",",2,0,1,7,-,0,9,-,2,2, ,2,0,:,4,3,:,5,5,.,9,9,1,7,5,5,+,0,0,:,0,0,",",N,o,n,e,",",N,o,n,e,","
2,7,6,5,",",U,s,e,r, ,2,1, ,-, ,L,e,a,r,n,e,r, ,1,8,",",3,3,6, ,-, ,b,',S,e,l,m,a,',",",N,o,n,e,",",3,.,8,8,4,3,6,7,",",2,0,1,7,-,0,9,-,2,2, ,2,0,:,4,3,:,5,6,.,1,2,4,2,3,0,+,0,0,:,0,0,",",N,o,n,e,",",N,o,n,e,","
2,7,6,6,",",U,s,e,r, ,2,1, ,-, ,L,e,a,r,n,e,r, ,1,8,",",3,3,7, ,-, ,b,',S,e,n,s,e, ,a,n,d, ,S,e,n,s,i,b,i,l,i,t,y,',",",N,o,n,e,",",2,.,5,7,4,1,3,7,",",2,0,1,7,-,0,9,-,2,2, ,2,0,:,4,3,:,5,6,.,2,7,8,5,0,1,+,0,0,:,0,0,",",N,o,n,e,",",N,o,n,e,","
2,7,6,7,",",U,s,e,r, ,2,1, ,-, ,L,e,a,r,n,e,r, ,1,8,",",3,3,8, ,-, ,b,',S,e,v,e,n, ,D,a,y,s, ,i,n, ,M,a,y,',",",N,o,n,e,",",1,0,.,0,3,3,2,6,3,",",2,0,1,7,-,0,9,-,2,2, ,2,0,:,4,3,:,5,6,.,4,2,4,7,5,6,+,0,0,:,0,0,",",N,o,n,e,",",N,o,n,e,","
2,7,6,8,",",U,s,e,r, ,2,1, ,-, ,L,e,a,r,n,e,r, ,1,8,",",3,3,9, ,-, ,b,',S,h,a,k,e,s,p,e,a,r,e, ,B,e,h,i,n,d, ,B,a,r,s,',",",N,o,n,e,",",6,.,0,5,9,8,6,3,",",2,0,1,7,-,0,9,-,2,2, ,2,0,:,4,3,:,5,6,.,5,6,8,1,7,3,+,0,0,:,0,0,",",N,o,n,e,",",N,o,n,e,","
2,7,6,9,",",U,s,e,r, ,2,1, ,-, ,L,e,a,r,n,e,r, ,1,8,",",3,4,0, ,-, ,b,',S,h,a,l,l, ,W,e, ,D,a,n,c,e,?,',",",N,o,n,e,",",0,.,7,3,7,5,5,6,",",2,0,1,7,-,0,9,-,2,2, ,2,0,:,4,3,:,5,6,.,7,1,2,4,9,2,+,0,0,:,0,0,",",N,o,n,e,",",N,o,n,e,","
2,7,7,0,",",U,s,e,r, ,2,1, ,-, ,L,e,a,r,n,e,r, ,1,8,",",3,4,1, ,-, ,b,"""",S,h,e,',s, ,T,o,o, ,Y,o,u,n,g, ,-, ,(,H,e,a,l,t,h, ,(,s,o,c,i,a,l, ,s,t,r,u,c,t,u,r,e, ,o,f, ,s,c,h,o,o,l,;, ,S,T,D,s,),"""",",",N,o,n,e,",",1,.,4,3,0,4,9,2,",",2,0,1,7,-,0,9,-,2,2, ,2,0,:,4,3,:,5,6,.,9,2,6,8,2,7,+,0,0,:,0,0,",",N,o,n,e,",",N,o,n,e,","
2,7,7,1,",",U,s,e,r, ,2,1, ,-, ,L,e,a,r,n,e,r, ,1,8,",",3,4,2, ,-, ,b,',S,h,i,l,o,h,',",",N,o,n,e,",",5,.,6,4,2,6,7,2,",",2,0,1,7,-,0,9,-,2,2, ,2,0,:,4,3,:,5,7,.,0,7,1,5,1,3,+,0,0,:,0,0,",",N,o,n,e,",",N,o,n,e,","
2,7,7,2,",",U,s,e,r, ,2,1, ,-, ,L,e,a,r,n,e,r, ,1,8,",",3,4,3, ,-, ,b,',T,h,e, ,S,h,o,o,t,i,s,t,',",",N,o,n,e,",",2,.,1,6,0,6,2,4,",",2,0,1,7,-,0,9,-,2,2, ,2,0,:,4,3,:,5,7,.,2,1,2,5,0,8,+,0,0,:,0,0,",",N,o,n,e,",",N,o,n,e,","
2,7,7,3,",",U,s,e,r, ,2,1, ,-, ,L,e,a,r,n,e,r, ,1,8,",",3,4,4, ,-, ,b,',S,h,o,w, ,B,o,a,t,',",",N,o,n,e,",",7,.,7,6,3,1,8,0,",",2,0,1,7,-,0,9,-,2,2, ,2,0,:,4,3,:,5,7,.,3,6,1,7,5,4,+,0,0,:,0,0,",",N,o,n,e,",",N,o,n,e,","
2,7,7,4,",",U,s,e,r, ,2,1, ,-, ,L,e,a,r,n,e,r, ,1,8,",",3,4,5, ,-, ,b,',T,h,e, ,S,m,i,t,h,s,o,n,i,a,n, ,a,n,d, ,t,h,e, ,P,r,e,s,i,d,e,n,c,y, ,-,-, ,S,h,o,r,t, ,S,u,b,j,e,c,t, ,-,-, ,f,r,o,m, ,t,h,e, ,s,e,r,i,e,s, ,"""",T,h,i,s, ,i,s, ,A,m,e,r,i,c,a, ,C,h,a,r,l,i,e, ,B,r,o,w,n,"""",',",",N,o,n,e,",",4,.,8,5,8,5,1,1,",",2,0,1,7,-,0,9,-,2,2, ,2,0,:,4,3,:,5,7,.,5,2,8,1,6,0,+,0,0,:,0,0,",",N,o,n,e,",",N,o,n,e,","
2,7,7,5,",",U,s,e,r, ,2,1, ,-, ,L,e,a,r,n,e,r, ,1,8,",",3,4,6, ,-, ,b,',S,m,a,l,l, ,W,o,n,d,e,r,s,',",",N,o,n,e,",",1,.,2,2,1,0,1,6,",",2,0,1,7,-,0,9,-,2,2, ,2,0,:,4,3,:,5,7,.,6,9,8,4,0,0,+,0,0,:,0,0,",",N,o,n,e,",",N,o,n,e,","
2,7,7,6,",",U,s,e,r, ,2,1, ,-, ,L,e,a,r,n,e,r, ,1,8,",",3,4,7, ,-, ,b,',S,m,o,k,e, ,S,i,g,n,a,l,s,',",",N,o,n,e,",",4,.,5,4,6,9,7,3,",",2,0,1,7,-,0,9,-,2,2, ,2,0,:,4,3,:,5,7,.,8,4,3,1,5,8,+,0,0,:,0,0,",",N,o,n,e,",",N,o,n,e,","
2,7,7,7,",",U,s,e,r, ,2,1, ,-, ,L,e,a,r,n,e,r, ,1,8,",",3,4,8, ,-, ,b,',T,h,e, ,S,o,u,n,d, ,o,f, ,M,u,s,i,c,',",",N,o,n,e,",",7,.,5,4,2,9,3,3,",",2,0,1,7,-,0,9,-,2,2, ,2,0,:,4,3,:,5,8,.,0,5,8,1,0,4,+,0,0,:,0,0,",",N,o,n,e,",",N,o,n,e,","
2,7,7,8,",",U,s,e,r, ,2,1, ,-, ,L,e,a,r,n,e,r, ,1,8,",",3,4,9, ,-, ,b,',S,o,u,t,h, ,P,a,c,i,f,i,c,',",",N,o,n,e,",",1,.,0,7,2,6,3,5,",",2,0,1,7,-,0,9,-,2,2, ,2,0,:,4,3,:,5,8,.,2,0,6,3,8,8,+,0,0,:,0,0,",",N,o,n,e,",",N,o,n,e,","
2,7,7,9,",",U,s,e,r, ,2,1, ,-, ,L,e,a,r,n,e,r, ,1,8,",",3,5,0, ,-, ,b,',S,p,a,r,e, ,P,a,r,t,s,',",",N,o,n,e,",",5,.,9,1,8,9,2,2,",",2,0,1,7,-,0,9,-,2,2, ,2,0,:,4,3,:,5,8,.,3,5,4,8,5,0,+,0,0,:,0,0,",",N,o,n,e,",",N,o,n,e,","
2,7,8,0,",",U,s,e,r, ,2,1, ,-, ,L,e,a,r,n,e,r, ,1,8,",",3,5,1, ,-, ,b,',S,p,a,r,t,a,c,u,s,',",",N,o,n,e,",",0,.,0,1,4,8,6,3,",",2,0,1,7,-,0,9,-,2,2, ,2,0,:,4,3,:,5,8,.,5,1,1,8,9,5,+,0,0,:,0,0,",",N,o,n,e,",",N,o,n,e,","
2,7,8,1,",",U,s,e,r, ,2,1, ,-, ,L,e,a,r,n,e,r, ,1,8,",",3,5,2, ,-, ,b,',S,t,a,l,i,n,',",",N,o,n,e,",",1,.,0,5,5,0,9,4,",",2,0,1,7,-,0,9,-,2,2, ,2,0,:,4,3,:,5,8,.,6,3,9,0,6,4,+,0,0,:,0,0,",",N,o,n,e,",",N,o,n,e,","
2,7,8,2,",",U,s,e,r, ,2,1, ,-, ,L,e,a,r,n,e,r, ,1,8,",",3,5,3, ,-, ,b,',S,t,a,n,d, ,a,n,d, ,D,e,l,i,v,e,r,',",",N,o,n,e,",",3,.,1,6,2,3,1,5,",",2,0,1,7,-,0,9,-,2,2, ,2,0,:,4,3,:,5,8,.,7,7,5,8,6,7,+,0,0,:,0,0,",",N,o,n,e,",",N,o,n,e,","
2,7,8,3,",",U,s,e,r, ,2,1, ,-, ,L,e,a,r,n,e,r, ,1,8,",",3,5,4, ,-, ,b,',S,t,r,a,u,s,s,:, ,T,h,e, ,K,i,n,g, ,o,f, ,T,h,r,e,e,-,Q,u,a,r,t,e,r, ,T,i,m,e,',",",N,o,n,e,",",5,.,6,0,5,7,6,8,",",2,0,1,7,-,0,9,-,2,2, ,2,0,:,4,3,:,5,8,.,9,5,7,2,5,2,+,0,0,:,0,0,",",N,o,n,e,",",N,o,n,e,","
2,7,8,4,",",U,s,e,r, ,2,1, ,-, ,L,e,a,r,n,e,r, ,1,8,",",3,5,5, ,-, ,b,',S,t,r,i,c,t,l,y, ,B,a,l,l,r,o,o,m,',",",N,o,n,e,",",4,.,6,5,5,9,4,6,",",2,0,1,7,-,0,9,-,2,2, ,2,0,:,4,3,:,5,9,.,1,4,6,3,9,2,+,0,0,:,0,0,",",N,o,n,e,",",N,o,n,e,","
2,7,8,5,",",U,s,e,r, ,2,1, ,-, ,L,e,a,r,n,e,r, ,1,8,",",3,5,6, ,-, ,b,',A, ,L,e,s,s,o,n, ,P,l,a,n, ,f,o,r, ,H,e,a,l,t,h, ,C,l,a,s,s,e,s, ,b,a,s,e,d, ,o,n, ,"""",S,u,p,e,r, ,S,i,z,e, ,M,e,"""",',",",N,o,n,e,",",4,.,1,8,9,1,0,3,",",2,0,1,7,-,0,9,-,2,2, ,2,0,:,4,3,:,5,9,.,2,9,7,1,4,2,+,0,0,:,0,0,",",N,o,n,e,",",N,o,n,e,","
2,7,8,6,",",U,s,e,r, ,2,1, ,-, ,L,e,a,r,n,e,r, ,1,8,",",3,5,7, ,-, ,b,',S,w,a,n, ,L,a,k,e,',",",N,o,n,e,",",5,.,0,2,1,4,9,7,",",2,0,1,7,-,0,9,-,2,2, ,2,0,:,4,3,:,5,9,.,4,3,0,7,5,7,+,0,0,:,0,0,",",N,o,n,e,",",N,o,n,e,","
2,7,8,7,",",U,s,e,r, ,2,1, ,-, ,L,e,a,r,n,e,r, ,1,8,",",3,5,8, ,-, ,b,',T,h,e, ,S,w,i,s,s, ,F,a,m,i,l,y, ,R,o,b,i,n,s,o,n,',",",N,o,n,e,",",6,.,1,6,4,8,4,0,",",2,0,1,7,-,0,9,-,2,2, ,2,0,:,4,3,:,5,9,.,5,7,8,3,9,0,+,0,0,:,0,0,",",N,o,n,e,",",N,o,n,e,","
2,7,8,8,",",U,s,e,r, ,2,1, ,-, ,L,e,a,r,n,e,r, ,1,8,",",3,5,9, ,-, ,b,',S,n,i,p,p,e,t, ,L,e,s,s,o,n, ,P,l,a,n, ,o,n, ,t,h,e, ,O,m,a,h,a, ,B,e,a,c,h, ,L,a,n,d,i,n,g, ,U,s,i,n,g, ,a, ,F,i,l,m, ,C,l,i,p, ,f,r,o,m, ,S,a,v,i,n,g, ,P,r,i,v,a,t,e, ,R,y,a,n,',",",N,o,n,e,",",6,.,5,9,1,6,6,7,",",2,0,1,7,-,0,9,-,2,2, ,2,0,:,4,3,:,5,9,.,7,2,6,1,2,6,+,0,0,:,0,0,",",N,o,n,e,",",N,o,n,e,","
2,7,8,9,",",U,s,e,r, ,2,1, ,-, ,L,e,a,r,n,e,r, ,1,8,",",3,6,0, ,-, ,b,',I,n,t,r,o,d,u,c,t,i,o,n, ,t,o, ,R,o,m,e,o, ,a,n,d, ,J,u,l,i,e,t, ,U,s,i,n,g, ,a, ,C,l,i,p, ,f,r,o,m, ,S,h,a,k,e,s,p,e,a,r,e, ,i,n, ,L,o,v,e,',",",N,o,n,e,",",1,.,7,1,7,1,4,5,",",2,0,1,7,-,0,9,-,2,2, ,2,0,:,4,3,:,5,9,.,8,6,4,1,3,4,+,0,0,:,0,0,",",N,o,n,e,",",N,o,n,e,","
2,7,9,0,",",U,s,e,r, ,2,1, ,-, ,L,e,a,r,n,e,r, ,1,8,",",3,6,1, ,-, ,b,',S,p,i,d,e,r,m,a,n, ,2, ,?, ,S,n,i,p,p,e,t, ,L,e,s,s,o,n, ,P,l,a,n, ,f,o,r, ,T,h,e,r,m,o,n,u,c,l,e,a,r, ,R,e,a,c,t,i,o,n,s, ,i,n, ,t,h,e, ,S,u,n, ,a,n,d, ,A,s, ,a, ,S,o,u,r,c,e, ,o,f, ,U,n,l,i,m,i,t,e,d, ,E,n,e,r,g,y, ,f,o,r, ,M,a,n,k,i,n,d,',",",N,o,n,e,",",2,.,8,8,1,2,5,3,",",2,0,1,7,-,0,9,-,2,2, ,2,0,:,4,4,:,0,0,.,0,0,8,2,3,6,+,0,0,:,0,0,",",N,o,n,e,",",N,o,n,e,","
2,7,9,1,",",U,s,e,r, ,2,1, ,-, ,L,e,a,r,n,e,r, ,1,8,",",3,6,2, ,-, ,b,',S,t,a,g,e, ,B,e,a,u,t,y,:, ,A, ,D,e,m,o,n,s,t,r,a,t,i,o,n, ,o,f, ,t,h,e, ,U,s,e, ,o,f, ,A,c,t,i,n,g, ,T,e,c,h,n,i,q,u,e, ,t,o, ,D,e,s,c,r,i,b,e, ,C,h,a,r,a,c,t,e,r, ,i,n, ,S,h,a,k,e,s,p,e,a,r,i,a,n, ,a,n,d, ,O,t,h,e,r, ,P,l,a,y,s,',",",N,o,n,e,",",3,.,0,2,7,9,8,2,",",2,0,1,7,-,0,9,-,2,2, ,2,0,:,4,4,:,0,0,.,1,9,8,1,6,1,+,0,0,:,0,0,",",N,o,n,e,",",N,o,n,e,","
2,7,9,2,",",U,s,e,r, ,2,1, ,-, ,L,e,a,r,n,e,r, ,1,8,",",3,6,3, ,-, ,b,',T,a,l,e, ,o,f, ,T,w,o, ,C,i,t,i,e,s,',",",N,o,n,e,",",6,.,5,0,5,4,1,4,",",2,0,1,7,-,0,9,-,2,2, ,2,0,:,4,4,:,0,0,.,3,5,0,2,6,3,+,0,0,:,0,0,",",N,o,n,e,",",N,o,n,e,","
2,7,9,3,",",U,s,e,r, ,2,1, ,-, ,L,e,a,r,n,e,r, ,1,8,",",3,6,4, ,-, ,b,',T,h,i,r,t,e,e,n, ,D,a,y,s,',",",N,o,n,e,",",2,.,8,0,2,0,8,3,",",2,0,1,7,-,0,9,-,2,2, ,2,0,:,4,4,:,0,0,.,4,9,1,0,0,9,+,0,0,:,0,0,",",N,o,n,e,",",N,o,n,e,","
2,7,9,4,",",U,s,e,r, ,2,1, ,-, ,L,e,a,r,n,e,r, ,1,8,",",3,6,5, ,-, ,b,',T,h,i,r,t,y,-,T,w,o, ,S,h,o,r,t, ,F,i,l,m,s, ,A,b,o,u,t, ,G,l,e,n,n, ,G,o,u,l,d,',",",N,o,n,e,",",1,.,0,1,3,2,6,3,",",2,0,1,7,-,0,9,-,2,2, ,2,0,:,4,4,:,0,0,.,6,3,3,2,4,8,+,0,0,:,0,0,",",N,o,n,e,",",N,o,n,e,","
2,7,9,5,",",U,s,e,r, ,2,1, ,-, ,L,e,a,r,n,e,r, ,1,8,",",3,6,6, ,-, ,b,',T,h,e, ,T,i,m,e, ,M,a,c,h,i,n,e,',",",N,o,n,e,",",4,.,5,2,6,1,3,7,",",2,0,1,7,-,0,9,-,2,2, ,2,0,:,4,4,:,0,0,.,7,8,4,0,9,1,+,0,0,:,0,0,",",N,o,n,e,",",N,o,n,e,","
2,7,9,6,",",U,s,e,r, ,2,1, ,-, ,L,e,a,r,n,e,r, ,1,8,",",3,6,7, ,-, ,b,',T,o, ,K,i,l,l, ,A, ,M,o,c,k,i,n,g,b,i,r,d,',",",N,o,n,e,",",3,.,5,7,1,8,7,8,",",2,0,1,7,-,0,9,-,2,2, ,2,0,:,4,4,:,0,0,.,9,2,7,2,6,3,+,0,0,:,0,0,",",N,o,n,e,",",N,o,n,e,","
2,7,9,7,",",U,s,e,r, ,2,1, ,-, ,L,e,a,r,n,e,r, ,1,8,",",3,6,8, ,-, ,b,',T,o, ,L,i,v,e,',",",N,o,n,e,",",7,.,8,1,1,8,0,7,",",2,0,1,7,-,0,9,-,2,2, ,2,0,:,4,4,:,0,1,.,0,6,7,5,2,8,+,0,0,:,0,0,",",N,o,n,e,",",N,o,n,e,","
2,7,9,8,",",U,s,e,r, ,2,1, ,-, ,L,e,a,r,n,e,r, ,1,8,",",3,6,9, ,-, ,b,',T,o,o,t,s,i,e,',",",N,o,n,e,",",5,.,2,3,8,8,7,4,",",2,0,1,7,-,0,9,-,2,2, ,2,0,:,4,4,:,0,1,.,2,7,7,1,4,8,+,0,0,:,0,0,",",N,o,n,e,",",N,o,n,e,","
2,7,9,9,",",U,s,e,r, ,2,1, ,-, ,L,e,a,r,n,e,r, ,1,8,",",3,7,0, ,-, ,b,',T,o,r,a,!, ,T,o,r,a,!, ,T,o,r,a,!,',",",N,o,n,e,",",2,.,2,3,3,6,8,5,",",2,0,1,7,-,0,9,-,2,2, ,2,0,:,4,4,:,0,1,.,4,3,1,4,0,7,+,0,0,:,0,0,",",N,o,n,e,",",N,o,n,e,","
2,8,0,0,",",U,s,e,r, ,2,1, ,-, ,L,e,a,r,n,e,r, ,1,8,",",3,7,1, ,-, ,b,',T,o,r,n,-,f,r,o,m,-,t,h,e,-,F,l,a,g,',",",N,o,n,e,",",6,.,3,3,1,1,9,1,",",2,0,1,7,-,0,9,-,2,2, ,2,0,:,4,4,:,0,1,.,6,0,1,4,0,3,+,0,0,:,0,0,",",N,o,n,e,",",N,o,n,e,","
2,8,0,1,",",U,s,e,r, ,2,1, ,-, ,L,e,a,r,n,e,r, ,1,8,",",3,7,2, ,-, ,b,"""",T,r,a,v,i,s,:, ,A, ,S,o,l,d,i,e,r,',s, ,S,t,o,r,y,"""",",",N,o,n,e,",",4,.,0,9,4,6,5,4,",",2,0,1,7,-,0,9,-,2,2, ,2,0,:,4,4,:,0,1,.,7,6,6,1,4,8,+,0,0,:,0,0,",",N,o,n,e,",",N,o,n,e,","
2,8,0,2,",",U,s,e,r, ,2,1, ,-, ,L,e,a,r,n,e,r, ,1,8,",",3,7,3, ,-, ,b,',T,h,e, ,T,r,e,a,s,u,r,e, ,o,f, ,t,h,e, ,S,i,e,r,r,a, ,M,a,d,r,e,',",",N,o,n,e,",",5,.,2,2,3,9,6,0,",",2,0,1,7,-,0,9,-,2,2, ,2,0,:,4,4,:,0,1,.,9,2,8,1,0,1,+,0,0,:,0,0,",",N,o,n,e,",",N,o,n,e,","
2,8,0,3,",",U,s,e,r, ,2,1, ,-, ,L,e,a,r,n,e,r, ,1,8,",",3,7,4, ,-, ,b,',A, ,T,r,e,e, ,G,r,o,w,s, ,I,n, ,B,r,o,o,k,l,y,n,',",",N,o,n,e,",",1,.,8,8,6,4,9,1,",",2,0,1,7,-,0,9,-,2,2, ,2,0,:,4,4,:,0,2,.,1,0,8,1,2,5,+,0,0,:,0,0,",",N,o,n,e,",",N,o,n,e,","
2,8,0,4,",",U,s,e,r, ,2,1, ,-, ,L,e,a,r,n,e,r, ,1,8,",",3,7,5, ,-, ,b,',T,r,o,u,b,l,e, ,W,i,t,h, ,T,h,e, ,C,u,r,v,e,',",",N,o,n,e,",",3,.,2,2,7,1,5,4,",",2,0,1,7,-,0,9,-,2,2, ,2,0,:,4,4,:,0,2,.,2,5,1,8,9,4,+,0,0,:,0,0,",",N,o,n,e,",",N,o,n,e,","
2,8,0,5,",",U,s,e,r, ,2,1, ,-, ,L,e,a,r,n,e,r, ,1,8,",",3,7,6, ,-, ,b,',T,r,u,m,a,n,',",",N,o,n,e,",",-,1,.,8,6,5,7,4,3,",",2,0,1,7,-,0,9,-,2,2, ,2,0,:,4,4,:,0,2,.,4,6,3,4,7,1,+,0,0,:,0,0,",",N,o,n,e,",",N,o,n,e,","
2,8,0,6,",",U,s,e,r, ,2,1, ,-, ,L,e,a,r,n,e,r, ,1,8,",",3,7,7, ,-, ,b,',T,u,c,k,e,r,:, ,T,h,e, ,M,a,n, ,a,n,d, ,H,i,s, ,D,r,e,a,m,',",",N,o,n,e,",",5,.,0,0,8,1,6,2,",",2,0,1,7,-,0,9,-,2,2, ,2,0,:,4,4,:,0,2,.,6,1,4,4,6,8,+,0,0,:,0,0,",",N,o,n,e,",",N,o,n,e,","
2,8,0,7,",",U,s,e,r, ,2,1, ,-, ,L,e,a,r,n,e,r, ,1,8,",",3,7,9, ,-, ,b,',T,h,e, ,T,u,s,k,e,g,e,e, ,A,i,r,m,e,n,',",",N,o,n,e,",",1,.,4,5,9,2,2,6,",",2,0,1,7,-,0,9,-,2,2, ,2,0,:,4,4,:,0,2,.,8,2,6,4,4,7,+,0,0,:,0,0,",",N,o,n,e,",",N,o,n,e,","
2,8,0,8,",",U,s,e,r, ,2,1, ,-, ,L,e,a,r,n,e,r, ,1,8,",",3,8,0, ,-, ,b,',T,w,e,l,f,t,h, ,N,i,g,h,t,',",",N,o,n,e,",",2,.,9,5,4,9,9,2,",",2,0,1,7,-,0,9,-,2,2, ,2,0,:,4,4,:,0,3,.,0,0,2,5,1,2,+,0,0,:,0,0,",",N,o,n,e,",",N,o,n,e,","
2,8,0,9,",",U,s,e,r, ,2,1, ,-, ,L,e,a,r,n,e,r, ,1,8,",",3,8,3, ,-, ,b,',S,n,i,p,p,e,t, ,L,e,s,s,o,n, ,P,l,a,n, ,o,n, ,E,v,o,l,u,t,i,o,n, ,U,s,i,n,g, ,"""",T,h,e, ,T,i,m,e, ,M,a,c,h,i,n,e,"""",',",",N,o,n,e,",",3,.,3,0,9,9,7,9,",",2,0,1,7,-,0,9,-,2,2, ,2,0,:,4,4,:,0,3,.,2,6,5,0,7,6,+,0,0,:,0,0,",",N,o,n,e,",",N,o,n,e,","
2,8,1,0,",",U,s,e,r, ,2,1, ,-, ,L,e,a,r,n,e,r, ,1,8,",",3,8,4, ,-, ,b,',U,n,c,h,a,i,n,e,d, ,M,e,m,o,r,i,e,s,:, ,R,e,a,d,i,n,g,s, ,f,r,o,m, ,t,h,e, ,S,l,a,v,e, ,N,a,r,r,a,t,i,v,e,s,',",",N,o,n,e,",",5,.,9,4,3,7,5,5,",",2,0,1,7,-,0,9,-,2,2, ,2,0,:,4,4,:,0,3,.,4,8,2,1,7,8,+,0,0,:,0,0,",",N,o,n,e,",",N,o,n,e,","
2,8,1,1,",",U,s,e,r, ,2,1, ,-, ,L,e,a,r,n,e,r, ,1,8,",",3,8,5, ,-, ,b,',V,i,n,c,e,n,t,:, ,T,h,e, ,L,i,f,e, ,a,n,d, ,D,e,a,t,h, ,o,f, ,V,i,n,c,e,n,t, ,V,a,n, ,G,o,g,h,',",",N,o,n,e,",",-,0,.,7,8,0,1,0,8,",",2,0,1,7,-,0,9,-,2,2, ,2,0,:,4,4,:,0,3,.,6,3,3,0,2,7,+,0,0,:,0,0,",",N,o,n,e,",",N,o,n,e,","
2,8,1,2,",",U,s,e,r, ,2,1, ,-, ,L,e,a,r,n,e,r, ,1,8,",",3,8,6, ,-, ,b,',I,n,t,r,o,d,u,c,t,i,o,n, ,t,o, ,V,o,l,c,a,n,o,e,s, ,a,n,d, ,T,e,c,t,o,n,i,c, ,P,l,a,t,e,s, ,-, ,S,n,i,p,p,e,t, ,L,e,s,s,o,n, ,P,l,a,n,',",",N,o,n,e,",",-,0,.,4,6,8,6,4,4,",",2,0,1,7,-,0,9,-,2,2, ,2,0,:,4,4,:,0,3,.,8,2,3,8,9,9,+,0,0,:,0,0,",",N,o,n,e,",",N,o,n,e,","
2,8,1,3,",",U,s,e,r, ,2,1, ,-, ,L,e,a,r,n,e,r, ,1,8,",",3,8,7, ,-, ,b,',W,a,l,k, ,o,n, ,W,a,t,e,r,',",",N,o,n,e,",",6,.,4,5,7,3,9,1,",",2,0,1,7,-,0,9,-,2,2, ,2,0,:,4,4,:,0,3,.,9,9,7,0,0,6,+,0,0,:,0,0,",",N,o,n,e,",",N,o,n,e,","
2,8,1,4,",",U,s,e,r, ,2,1, ,-, ,L,e,a,r,n,e,r, ,1,8,",",3,8,8, ,-, ,b,',W,a,r, ,o,f, ,t,h,e, ,B,u,t,t,o,n,s, ,-, ,U,s,i,n,g, ,C,h,a,r,a,c,t,e,r,i,z,a,t,i,o,n, ,i,n, ,L,i,t,e,r,a,r,y, ,A,n,a,l,y,s,i,s,',",",N,o,n,e,",",2,.,4,3,1,3,3,2,",",2,0,1,7,-,0,9,-,2,2, ,2,0,:,4,4,:,0,4,.,1,9,4,7,0,8,+,0,0,:,0,0,",",N,o,n,e,",",N,o,n,e,","
2,8,1,5,",",U,s,e,r, ,2,1, ,-, ,L,e,a,r,n,e,r, ,1,8,",",3,8,9, ,-, ,b,',W,a,r, ,a,n,d, ,P,e,a,c,e,',",",N,o,n,e,",",4,.,2,7,5,7,1,8,",",2,0,1,7,-,0,9,-,2,2, ,2,0,:,4,4,:,0,4,.,3,5,2,8,1,1,+,0,0,:,0,0,",",N,o,n,e,",",N,o,n,e,","
2,8,1,6,",",U,s,e,r, ,2,1, ,-, ,L,e,a,r,n,e,r, ,1,8,",",3,9,0, ,-, ,b,',W,a,r,m, ,S,p,r,i,n,g,s,',",",N,o,n,e,",",4,.,9,9,2,8,4,3,",",2,0,1,7,-,0,9,-,2,2, ,2,0,:,4,4,:,0,4,.,5,3,6,0,9,4,+,0,0,:,0,0,",",N,o,n,e,",",N,o,n,e,","
2,8,1,7,",",U,s,e,r, ,2,1, ,-, ,L,e,a,r,n,e,r, ,1,8,",",3,9,1, ,-, ,b,',W,a,t,e,r,',",",N,o,n,e,",",0,.,2,6,0,8,6,0,",",2,0,1,7,-,0,9,-,2,2, ,2,0,:,4,4,:,0,4,.,7,0,0,5,3,1,+,0,0,:,0,0,",",N,o,n,e,",",N,o,n,e,","
2,8,1,8,",",U,s,e,r, ,2,1, ,-, ,L,e,a,r,n,e,r, ,1,8,",",3,9,2, ,-, ,b,',W,e,s,t, ,S,i,d,e, ,S,t,o,r,y,',",",N,o,n,e,",",0,.,7,4,8,3,3,2,",",2,0,1,7,-,0,9,-,2,2, ,2,0,:,4,4,:,0,4,.,8,5,9,3,1,3,+,0,0,:,0,0,",",N,o,n,e,",",N,o,n,e,","
2,8,1,9,",",U,s,e,r, ,2,1, ,-, ,L,e,a,r,n,e,r, ,1,8,",",3,9,3, ,-, ,b,',W,h,a,l,e, ,R,i,d,e,r,',",",N,o,n,e,",",6,.,5,3,6,5,5,1,",",2,0,1,7,-,0,9,-,2,2, ,2,0,:,4,4,:,0,4,.,9,9,9,8,8,4,+,0,0,:,0,0,",",N,o,n,e,",",N,o,n,e,","
2,8,2,0,",",U,s,e,r, ,2,1, ,-, ,L,e,a,r,n,e,r, ,1,8,",",3,9,4, ,-, ,b,"""",W,h,a,t,',s, ,E,a,t,i,n,g, ,G,i,l,b,e,r,t, ,G,r,a,p,e,"""",",",N,o,n,e,",",3,.,1,4,1,4,3,6,",",2,0,1,7,-,0,9,-,2,2, ,2,0,:,4,4,:,0,5,.,1,7,1,5,6,3,+,0,0,:,0,0,",",N,o,n,e,",",N,o,n,e,","
2,8,2,1,",",U,s,e,r, ,2,1, ,-, ,L,e,a,r,n,e,r, ,1,8,",",3,9,5, ,-, ,b,',W,h,e,n, ,a, ,M,a,n, ,L,o,v,e,s, ,a, ,W,o,m,a,n,',",",N,o,n,e,",",1,.,9,1,4,6,9,1,",",2,0,1,7,-,0,9,-,2,2, ,2,0,:,4,4,:,0,5,.,3,3,6,6,4,7,+,0,0,:,0,0,",",N,o,n,e,",",N,o,n,e,","
2,8,2,2,",",U,s,e,r, ,2,1, ,-, ,L,e,a,r,n,e,r, ,1,8,",",3,9,6, ,-, ,b,',W,h,e,r,e, ,t,h,e, ,R,e,d, ,F,e,r,n, ,G,r,o,w,s,',",",N,o,n,e,",",6,.,3,7,3,1,4,5,",",2,0,1,7,-,0,9,-,2,2, ,2,0,:,4,4,:,0,5,.,5,1,3,7,2,2,+,0,0,:,0,0,",",N,o,n,e,",",N,o,n,e,","
2,8,2,3,",",U,s,e,r, ,2,1, ,-, ,L,e,a,r,n,e,r, ,1,8,",",3,9,7, ,-, ,b,',W,h,i,t,e, ,N,i,g,h,t,s,',",",N,o,n,e,",",5,.,0,6,6,4,0,8,",",2,0,1,7,-,0,9,-,2,2, ,2,0,:,4,4,:,0,5,.,7,2,2,2,8,0,+,0,0,:,0,0,",",N,o,n,e,",",N,o,n,e,","
2,8,2,4,",",U,s,e,r, ,2,1, ,-, ,L,e,a,r,n,e,r, ,1,8,",",3,9,8, ,-, ,b,',T,h,e, ,W,h,i,t,e, ,R,o,s,e,',",",N,o,n,e,",",2,.,8,2,4,5,2,0,",",2,0,1,7,-,0,9,-,2,2, ,2,0,:,4,4,:,0,5,.,8,7,0,4,1,2,+,0,0,:,0,0,",",N,o,n,e,",",N,o,n,e,","
2,8,2,5,",",U,s,e,r, ,2,1, ,-, ,L,e,a,r,n,e,r, ,1,8,",",3,9,9, ,-, ,b,',W,i,n,g,e,d, ,M,i,g,r,a,t,i,o,n,',",",N,o,n,e,",",1,.,4,1,8,9,5,8,",",2,0,1,7,-,0,9,-,2,2, ,2,0,:,4,4,:,0,6,.,0,2,5,2,6,4,+,0,0,:,0,0,",",N,o,n,e,",",N,o,n,e,","
2,8,2,6,",",U,s,e,r, ,2,1, ,-, ,L,e,a,r,n,e,r, ,1,8,",",4,0,0, ,-, ,b,',T,h,e, ,W,i,t,n,e,s,s,',",",N,o,n,e,",",6,.,2,6,7,5,3,9,",",2,0,1,7,-,0,9,-,2,2, ,2,0,:,4,4,:,0,6,.,1,8,1,1,4,9,+,0,0,:,0,0,",",N,o,n,e,",",N,o,n,e,","
2,8,2,7,",",U,s,e,r, ,2,1, ,-, ,L,e,a,r,n,e,r, ,1,8,",",4,0,1, ,-, ,b,',T,h,e, ,W,i,z,a,r,d, ,o,f, ,O,z,\,x,e,2,\,x,8,0,\,x,9,4,P,r,i,m,a,r,y, ,S,c,h,o,o,l, ,V,e,r,s,i,o,n,',",",N,o,n,e,",",3,.,7,7,0,5,3,2,",",2,0,1,7,-,0,9,-,2,2, ,2,0,:,4,4,:,0,6,.,3,1,4,3,5,9,+,0,0,:,0,0,",",N,o,n,e,",",N,o,n,e,","
2,8,2,8,",",U,s,e,r, ,2,1, ,-, ,L,e,a,r,n,e,r, ,1,8,",",4,0,2, ,-, ,b,',T,h,e, ,W,i,z,a,r,d, ,o,f, ,O,z,\,x,e,2,\,x,8,0,\,x,9,4,S,e,c,o,n,d,a,r,y, ,S,c,h,o,o,l, ,V,e,r,s,i,o,n,',",",N,o,n,e,",",6,.,6,7,8,0,1,5,",",2,0,1,7,-,0,9,-,2,2, ,2,0,:,4,4,:,0,6,.,4,7,5,5,3,6,+,0,0,:,0,0,",",N,o,n,e,",",N,o,n,e,","
2,8,2,9,",",U,s,e,r, ,2,1, ,-, ,L,e,a,r,n,e,r, ,1,8,",",4,0,3, ,-, ,b,"""",T,h,e, ,W,i,z,a,r,d, ,o,f, ,O,z, ,-, ,H,e,r,o,',s, ,J,o,u,r,n,e,y,"""",",",N,o,n,e,",",4,.,8,7,2,7,8,8,",",2,0,1,7,-,0,9,-,2,2, ,2,0,:,4,4,:,0,6,.,6,1,6,4,1,7,+,0,0,:,0,0,",",N,o,n,e,",",N,o,n,e,","
2,8,3,0,",",U,s,e,r, ,2,1, ,-, ,L,e,a,r,n,e,r, ,1,8,",",4,0,4, ,-, ,b,',T,h,e, ,W,o,r,d,s,',",",N,o,n,e,",",5,.,9,5,7,6,5,6,",",2,0,1,7,-,0,9,-,2,3, ,0,0,:,4,8,:,5,3,.,2,2,0,8,8,9,+,0,0,:,0,0,",",N,o,n,e,",",N,o,n,e,","
2,8,3,1,",",U,s,e,r, ,2,1, ,-, ,L,e,a,r,n,e,r, ,1,8,",",4,0,5, ,-, ,b,',T,h,e, ,W,r,i,g,h,t, ,B,r,o,t,h,e,r,s, ,a,t, ,K,i,t,t,y, ,H,a,w,k, ,-,-, ,S,h,o,r,t, ,S,u,b,j,e,c,t, ,-,-, ,f,r,o,m, ,t,h,e, ,s,e,r,i,e,s, ,"""",T,h,i,s, ,i,s, ,A,m,e,r,i,c,a, ,C,h,a,r,l,i,e, ,B,r,o,w,n,"""",',",",N,o,n,e,",",2,.,7,6,4,0,0,8,",",2,0,1,7,-,0,9,-,2,3, ,0,0,:,4,8,:,5,3,.,3,5,8,4,4,5,+,0,0,:,0,0,",",N,o,n,e,",",N,o,n,e,","
2,8,3,2,",",U,s,e,r, ,2,1, ,-, ,L,e,a,r,n,e,r, ,1,8,",",4,0,6, ,-, ,b,',T,h,e, ,Y,e,a,r,l,i,n,g,',",",N,o,n,e,",",-,2,.,8,8,7,5,0,9,",",2,0,1,7,-,0,9,-,2,3, ,0,0,:,4,8,:,5,3,.,5,0,5,0,1,4,+,0,0,:,0,0,",",N,o,n,e,",",N,o,n,e,","
2,8,3,3,",",U,s,e,r, ,2,1, ,-, ,L,e,a,r,n,e,r, ,1,8,",",4,0,7, ,-, ,b,',C,o,m,p,a,r,i,n,g, ,H,a,w,t,h,o,r,n,e,\,',s, ,"""",Y,o,u,n,g, ,G,o,o,d,m,a,n, ,B,r,o,w,n,"""", ,w,i,t,h, ,t,h,e, ,R,o,l,l,i,n,g, ,S,t,o,n,e,s,\,', ,"""",S,y,m,p,a,t,h,y, ,f,o,r, ,t,h,e, ,D,e,v,i,l,"""",',",",N,o,n,e,",",-,0,.,8,1,7,7,2,5,",",2,0,1,7,-,0,9,-,2,3, ,0,0,:,4,8,:,5,3,.,6,4,9,3,2,5,+,0,0,:,0,0,",",N,o,n,e,",",N,o,n,e,","
